creator,url,distributors,videos,best_reach,best_outlier,creator_subs,best_title,last_seen
lifeanywhere,https://www.youtube.com/@lifeanywhere,24,25,9647913,3678.1,46800,Family Transforms School Bus into Dream Home | 2-YEAR TIMELAPSE by @lifeanywhere,2026-07-21
LetsBuildAHouse,https://www.youtube.com/@LetsBuildAHouse,23,23,1349258,35.9,1960,Talented Family Builds Their Dream Villa in 700 Days | Start to Finish Full process @LetsBuildAHouse,2026-08-05
ThisIsMyAlaska,https://www.youtube.com/@ThisIsMyAlaska,22,24,1103396,84.9,371000,How a Man Used 500 Massive Logs to Build a Cabin | Start to Finish by @ThisIsMyAlaska,2026-08-08
ProjectswithChristineJesse,https://www.youtube.com/@ProjectswithChristineJesse,16,16,5245004,289.3,15000,Couple Builds a Dream A-Frame Cabin in the Forest | Start to Finish @ProjectswithChristineJesse,2026-08-04
slothconstruction,https://www.youtube.com/@slothconstruction,16,18,1631059,27.8,8510,Building a Modern House in 20 Minutes TIMELAPSE | Start to Finish by @slothconstruction,2026-08-07
GrumpyToadCreations,https://www.youtube.com/@GrumpyToadCreations,15,15,3187034,51.2,12000,"Man Built His Dream Mansion Himself and Saved $350,000 Doing It | by @GrumpyToadCreations",2026-08-09
NickandMaëla,https://www.youtube.com/@NickandMaëla,13,14,1245326,69.8,155000,Couple Builds Stunning Off-Grid Log Cabin Using Only Hand Tools - Start to Finish @NickandMaëla,2026-08-09
WoodsandWondersCabin,https://www.youtube.com/@WoodsandWondersCabin,12,12,2383567,17.4,3690,Woman Builds Dream Wood Cabin 25 Minutes -TIMELAPSE | Start to Finish by @WoodsandWondersCabin,2026-06-30
Carpenter_AnXu,https://www.youtube.com/@Carpenter_AnXu,12,12,1972111,615.2,965000,Man Builds Amazing Wooden Mansion in Mountain Start to Finish by @Carpenter_AnXu,2026-07-30
LifeontheMoose,https://www.youtube.com/@LifeontheMoose,12,12,1189773,185.2,58400,Man Builds an Incredible Dream Log House in the Wild Forest | Start to Finish@LifeontheMoose,2026-08-01
ThanhSuperBoat,https://www.youtube.com/@ThanhSuperBoat,11,11,3258427,35.5,94600,Man Builds SU35 Jet Boat from Scratch | Start to Finish by @ThanhSuperBoat,2026-07-05
AloshaLynov,https://www.youtube.com/@AloshaLynov,11,11,2122866,3.9,34900,"Man Builds Underground Hobbit Home for $2,000 | by @AloshaLynov",2026-07-24
BuildingInNature,https://www.youtube.com/@BuildingInNature,11,11,1453744,7.9,15300,Man Builds Incredible Wooden Tree House in the Woods | From Start to Finish by @BuildingInNature,2026-08-07
andrewryanpov,https://www.youtube.com/@andrewryanpov,10,10,4730215,63.3,51200,"Man Turns a $20,000 Truck into a Stunning Apartment on Wheels | Start to Finish by @andrewryanpov",2026-07-25
naturalloghouse,https://www.youtube.com/@naturalloghouse,10,10,1945390,40.5,78100,This GIANT Scandinavian Wooden House Was Built in Just 120 Days | Start to Finish by@naturalloghouse,2026-07-14
Wolfpupfab,https://www.youtube.com/@Wolfpupfab,10,12,1828091,94.8,58300,Man Builds an Underground Shelter Beneath His House | From Start to Finish@Wolfpupfab,2026-07-28
JulienMalara,https://www.youtube.com/@JulienMalara,9,9,4095126,135.8,267000,He Turned 4 Shipping Containers Into a Luxury Home | Start to Finish by @JulienMalara,2026-07-18
LankHome,https://www.youtube.com/@LankHome,9,10,1467818,18.4,23100,Men Build a Dream A-Frame House With a Pool | Start to Finish by @LankHome,2026-07-26
kbuild,https://www.youtube.com/@kbuild,9,9,992309,26.3,66300,Building an Incredible Luxury Dream Mansion from the Ground Up | Full Build by @kbuild,2026-08-11
juanxiaoliu,https://www.youtube.com/@juanxiaoliu,9,11,99197,17.8,206000,A Woman Dream Projec 2 Years to Build a Fairytale Home | Home Transformation by @juanxiaoliu,2026-08-03
ArtSportArtSport,https://www.youtube.com/@ArtSportArtSport,9,10,68075,44.9,212000,Building Secret Tree House in the Middle of the Forest | Start to Finish by @ArtSportArtSport,2026-08-07
norusarubushcraft,https://www.youtube.com/@norusarubushcraft,9,11,4168,50.8,470000,Man Builds Survival Shelter In The Rainforest | From Start to Finish by  @norusarubushcraft,2026-07-27
LiveDontWatch,https://www.youtube.com/@LiveDontWatch,8,8,739601,102.3,5690,"He Builds a Dream Houseboat for his Family with only $30,000. By @LiveDontWatch",2026-07-23
frengen_engineering,https://www.youtube.com/@frengen_engineering,7,7,5112367,7.6,87600,Man Turns Old Boat into Luxury Yacht | Start to Finish by @frengen_engineering,2026-08-06
VillaAroldi,https://www.youtube.com/@VillaAroldi,7,7,1838897,434.4,31200,Man Transforms Old Italian Barn into Amazing Villa | 3-Years Timelapse by @VillaAroldi,2026-06-23
QuantumMakers,https://www.youtube.com/@QuantumMakers,7,23,989867,14.6,,From Empty Ground to a Massive Workshop | Start to Finish @RRBuildings @QuantumMakers ,2026-08-10
mypersonaljournal,https://www.youtube.com/@mypersonaljournal,7,7,868186,9.8,150000,Man Builds Beautiful Wooden Cabin in the Forest | From Start to Finish by@mypersonaljournal,2026-08-07
beccanlevisalaska,https://www.youtube.com/@beccanlevisalaska,7,7,510432,35.6,40300,A Couple Builds an Off-Grid Log Cabin Together in Alaska: @beccanlevisalaska,2026-08-07
ErikGrankvist,https://www.youtube.com/@ErikGrankvist,7,7,168091,2.0,1670000,Man Spends 6 Years Building a Log Cabin in Northern Europe | from beginning to end@ErikGrankvist​,2026-07-24
TheModernHomeProject,https://www.youtube.com/@TheModernHomeProject,6,6,1411966,180.1,402000,Man Builds a Dream Container House in the Middle of the Desert | Full Build by @themodernhomeproject,2026-08-03
DemasiLogCabin,https://www.youtube.com/@DemasiLogCabin,6,6,264041,3.0,51000,Man Builds Beautiful Handcrafted Log Cabin in the Forest | Start to Finish by @DemasiLogCabin,2026-08-11
TheOutsiderCabin,https://www.youtube.com/@TheOutsiderCabin,6,6,148112,3.0,1210000,Man Builds an Off-Grid Log Cabin in the Canadian Wilderness | Start to Finish by @TheOutsiderCabin,2026-08-04
araujocaiaque,https://www.youtube.com/@araujocaiaque,5,5,11607684,13.4,52700,Man Transforms 8 Water Tanks into Amazing Boat | Start to Finish by @araujocaiaque,2026-06-25
botanik6140,https://www.youtube.com/@botanik6140,5,10,5122774,42.0,691000,Under the Fire Is a Secret  A Camouflaged Bunker 🔥🕳️🌲 | By @botanik6140,2026-08-09
Weandnature,https://www.youtube.com/@Weandnature,5,6,1985669,14.3,246000,Family Builds Dream Pool in 25 Days | Start to Finish Conversion @Weandnature,2026-07-17
LesBricoloveurs,https://www.youtube.com/@LesBricoloveurs,5,5,1768699,70.1,32100,Man Transforms Old Farm into Luxury House | Start to Finish by @LesBricoloveurs,2026-07-19
KORcountrysidelife,https://www.youtube.com/@KORcountrysidelife,5,5,1470118,2.6,1660,Man Builds Dream Mountain Homestay | Start to Finish by @KORcountrysidelife,2026-07-18
desentoca2309,https://www.youtube.com/@desentoca2309,5,5,1309324,8.4,25300,Family Converts an Abandoned Bus Into a Dream Home on Wheels | Start to Finish by @desentoca2309,2026-07-25
Tornado_Dave,https://www.youtube.com/@Tornado_Dave,5,5,1099948,1.9,306000,Man Builds SECRET Tunnel and Bunker below His Backyard | Start to Finish by @Tornado_Dave,2026-07-08
DoBeDiff,https://www.youtube.com/@DoBeDiff,5,5,757699,7.7,59000,"Couple Builds Their Dream Tiny Home for Only $5,000 | Start to Finish by @DoBeDiff  ​",2026-07-21
growinginfrance,https://www.youtube.com/@growinginfrance,5,5,756888,17.4,18300,"Family Renovates 100-Year-Old French Farmhouse, Turns It Into a Dream Home | by @growinginfrance",2026-05-18
enancinar,https://www.youtube.com/@enancinar,5,5,514723,68.7,3360,A Man Turns an Old Mercedes Bus into a Cozy Home on Wheels | Timelapse by @enancinar,2026-07-11
MySelfReliance,https://www.youtube.com/@MySelfReliance,5,5,188896,31.2,2210000,4 Years Alone: A 70-Year-Old Man Builds a Log Cabin in the forest | performed by@MySelfReliance,2026-06-25
diy8288,https://www.youtube.com/@diy8288,5,5,58833,0.7,7010,Man Builds a Traditional Japanese Wooden House from Scratch | Start to Finish by @diy8288,2026-06-30
homemade_madness,https://www.youtube.com/@homemade_madness,4,5,4818629,17.5,251000,Man Builds a 180HP JET SKI with a Motorcycle Engine | Full Build by @homemade_madness,2026-06-19
ThanhĐiềnNTĐ,https://www.youtube.com/@ThanhĐiềnNTĐ,4,5,3884006,7.3,242000,Man Builds a Full-Size Wooden Ship from Raw Logs | Start to Finish by @ThanhĐiềnNTĐ,2026-08-10
LibraryofConstruction,https://www.youtube.com/@LibraryofConstruction,4,4,3366100,3.4,17100,"Man Spends $30,000 to Build an Underground Bunker | Start to Finish by @LibraryofConstruction",2026-06-07
WildernessSurvivalMan,https://www.youtube.com/@WildernessSurvivalMan,4,5,2922624,4.6,239000,24 Hours in a Survival Cabin Amidst Heavy Rain 🌧️🌲🔥 | By @WildernessSurvivalMan,2026-07-30
klerobi1,https://www.youtube.com/@klerobi1,4,4,1848504,1.9,119000,Man Turns Wooden Pallets into a Home with a Kitchen and Bathroom | Start to Finish by @klerobi1,2026-07-30
Paullivesdifferent,https://www.youtube.com/@Paullivesdifferent,4,4,1544471,1.9,15200,Man Builds Dream Off-Grid House | Start to Finish by @Paullivesdifferent,2026-06-27
andersboisentinyhouse,https://www.youtube.com/@andersboisentinyhouse,4,4,611341,81.6,143000,A Man Builds A Sustainable Cabin In The Woods | From Start to Finish by @andersboisentinyhouse​,2026-06-27
domegaia,https://www.youtube.com/@domegaia,4,4,591891,45.4,63500,Man Built a LUXURY Dome House in 72+ HOURS! (Start to Finish) @domegaia,2026-07-29
MeadowlarkLogHomes,https://www.youtube.com/@MeadowlarkLogHomes,4,4,547733,6.2,8080,Family Builds a Stunning Log Cabin During a Harsh Winter Snowstorm  | by @MeadowlarkLogHomes,2026-08-06
dialtommy,https://www.youtube.com/@dialtommy,4,4,369102,9.2,19400,Man Builds Dream Cabin in the Forest with Family | Start to Finish by @dialtommy,2026-07-05
cabinlife4551,https://www.youtube.com/@cabinlife4551,4,4,212751,2.4,22500,Man Builds Beautiful Off Grid Cabin Alone in the Wilderness | Start to Finish@cabinlife4551​,2026-07-18
lesnoy_badger1544,https://www.youtube.com/@lesnoy_badger1544,4,4,204203,2.1,51200,He’s Only 20 – But Built This Entire Cabin With Just Hand Tools. @lesnoy_badger1544,2026-07-28
KYLESCABIN,https://www.youtube.com/@KYLESCABIN,4,4,79481,0.9,326000,I Built My Dream Off Grid Cabin In The Woods | Start To Finish @KYLESCABIN @QuantumMakers ,2026-08-06
perfectidea,https://www.youtube.com/@perfectidea,4,4,68898,15.1,215000,Building the CHEAPEST House From Scratch in Just 10 Days | by @perfectidea,2026-08-11
Mrhuubushcraft,https://www.youtube.com/@Mrhuubushcraft,4,4,44879,4.2,43800,Man Builds Off-Grid Cabin from Scratch Using Only Hand Tools | Start to Finish by @Mrhuubushcraft,2026-06-18
RestorationsSkills6886,https://www.youtube.com/@RestorationsSkills6886,4,4,4336,2.9,27600,From Scrap to Powerhouse | 30-Year-Old Generator Restoration Review | @RestorationsSkills6886,2026-07-29
septemberflow,https://www.youtube.com/@septemberflow,3,4,6224054,6.0,4730,"Man Builds $15,000 RC Lamborghini with Real Engine | Start to Finish by @septemberflow",2026-06-22
BushcraftLeo,https://www.youtube.com/@BushcraftLeo,3,3,3702673,4.5,32100,Man Builds a Raft Out of Trash on Deserted Island (Solo!) | Start to Finish by @BushcraftLeo,2026-05-17
NickandMaela,https://www.youtube.com/@NickandMaela,3,3,1680975,17.3,155000,A Couple Built a Wooden Cabin by Themselves in 2.5 Years Using Only Basic Tools: @NickandMaela‬,2026-07-10
European_Homesteading,https://www.youtube.com/@European_Homesteading,3,3,1341304,1.6,6810,"Man Renovates 75-Year-Old Mud House, Turns It Into Dream Home |Start to Finish@European_Homesteading",2026-07-06
ateliermavi,https://www.youtube.com/@ateliermavi,3,3,1191329,23.2,117000,Couple spends ONE YEAR restoring a 100-year-old stone house in Italy | by @ateliermavi,2026-08-06
JJfishing19marine,https://www.youtube.com/@JJfishing19marine,3,3,1049493,34.8,157000,Man Builds THE Fastest Traditional Boat with Engine | Start to Finish by @JJfishing19marine,2026-07-31
channel520,https://www.youtube.com/@channel520,3,3,633624,11.5,98300,Young Man Carves a $1 Million Modern Home into a Massive Rock | Built in 6 Months By @channel520,2026-08-08
FinnishPlayground,https://www.youtube.com/@FinnishPlayground,3,3,622700,1.7,49600,Part 1 - Transforming Your Backyard into a Cozy Little Wooden House | By @FinnishPlayground,2026-06-25
OneFootOfftheGrid,https://www.youtube.com/@OneFootOfftheGrid,3,3,591631,3.2,40800,Couple Builds OFF-GRID Luxury Wooden Cabin Deep in the Forest |Start to Finish@OneFootOfftheGrid ​,2026-07-12
kevcatbuildit9478,https://www.youtube.com/@kevcatbuildit9478,3,3,508381,2.3,5490,Couple Builds Dream Lake House From Scratch | Start to Finish by @kevcatbuildit9478,2026-07-14
aboulderlifeoffgrid,https://www.youtube.com/@aboulderlifeoffgrid,3,3,439091,4.9,27400,Couple Builds Amazing Off-Grid Dream Home for Their Family | Start to Finish@aboulderlifeoffgrid,2026-07-18
ivan_bushcraft,https://www.youtube.com/@ivan_bushcraft,3,4,394026,4.3,67400,"Building a Bushcraft Log Cabin in the Woods  Off-Grid, Self-Sufficient Living |By @ivan_bushcraft",2026-08-06
stephandmicah,https://www.youtube.com/@stephandmicah,3,3,349924,0.8,3420,Family Transforms 23-Year-Old Ambulance into a Dream Home | Start to Finish Build by@stephandmicah,2026-08-06
PrimitiveTechnologyIdea,https://www.youtube.com/@PrimitiveTechnologyIdea,3,4,166492,8.4,6500000,Man Spends 3 Months Building a Secret Dream Shelter Into a Cliff | by @PrimitiveTechnologyIdea,2026-07-06
papatechnologies,https://www.youtube.com/@papatechnologies,3,3,45996,178.6,1140000,Two Men Build a Complete Timber Home From Scratch | by @papatechnologies,2026-07-05
Elijah-House,https://www.youtube.com/@Elijah-House,3,3,35454,3.1,6510,Man Builds a Stunning Luxurious Dream House Alone | Start to Finish by @Elijah-House,2026-08-05
restorationt2,https://www.youtube.com/@restorationt2,3,3,33350,9.1,396000,Young Man Rebuilds a $10 Broken Motorbike into a Kawasaki | Start To Finish by @restorationt2,2026-05-05
Marshallclassic,https://www.youtube.com/@Marshallclassic,3,3,27048,0.4,54900,Man Builds Incredible TREE SHELTERS Alone in the Forest | Bushcraft by @Marshallclassic​,2026-08-05
DennisKoburger,https://www.youtube.com/@DennisKoburger,3,3,18149,1.4,124000,The ONLY Van Build Video You Need to Watch (Start to Finish) | @DennisKoburger,2026-06-24
anvswild,https://www.youtube.com/@anvswild,3,3,6726,1.3,128000,From Raw Jungle to Cozy Sanctuary Using Only Hand Tools | Start To Finish by @anvswild,2026-08-04
forestexpanses,https://www.youtube.com/@forestexpanses,2,3,12683214,19.9,94500,First night in the log cabin — A bear appeared right outside 🐻🔥🌲 | By @forestexpanses,2026-08-07
AtlasSurvivalShelters,https://www.youtube.com/@AtlasSurvivalShelters,2,2,6334363,431.0,703000,"Man builds a $400,000 SECRET Underground Bunker | Start to Finish by @AtlasSurvivalShelters",2025-06-24
Gabriel.Leni100,https://www.youtube.com/@Gabriel.Leni100,2,2,3768088,4.6,14600,"Family Renovates 100-Year-Old House, Turns It Into a Dream Home | Start to Finish @Gabriel.Leni100",2026-01-11
JerryRigEverything,https://www.youtube.com/@JerryRigEverything,2,2,3244480,220.7,10000000,A Man builds a SECRET Underground Bunker in his Backyard | Start to Finish by @JerryRigEverything,2025-04-07
karakum_outdoors,https://www.youtube.com/@karakum_outdoors,2,5,3235140,5.1,262000,Creating a Completely Hidden Shelter in the Forest | By @karakum_outdoors,2026-08-02
SteepintheWoods,https://www.youtube.com/@SteepintheWoods,2,2,2570630,2.6,32300,Man Builds a 2-Story House From FREE Pallets in the Mountains | Start to Finish by @SteepintheWoods,2026-04-17
belaruscustoms,https://www.youtube.com/@belaruscustoms,2,3,1253944,1.2,57800,Man uses Diesel Car Engine to Build a Monster Bike | Start to Finish by @belaruscustoms,2026-05-29
Rehabit8,https://www.youtube.com/@Rehabit8,2,2,1229678,1.2,46500,Couple Transforms Bus into Luxury Mobile Home | Full Conversion by @Rehabit8,2026-07-10
bradyoung2174,https://www.youtube.com/@bradyoung2174,2,2,1224548,1.5,978,Building a Garage + House in 8 Minutes TIMELAPSE | Start to Finish by @bradyoung2174,2026-07-29
AlexanderBushcraft776,https://www.youtube.com/@AlexanderBushcraft776,2,2,1145063,5.9,42700,From Frozen Rubbles to a Warm Shelter | Surviving at -45°C | By @AlexanderBushcraft776,2026-07-26
OffGridLife,https://www.youtube.com/@OffGridLife,2,2,851326,3.6,2540000,Couple spends 3 months building a brick and clay pizza oven by hand | performed by@OffGridLife,2026-08-10
skoolievanblog,https://www.youtube.com/@skoolievanblog,2,2,693321,8.4,5310,Couple Turns School bus into Luxury Camper | 1-Year Timelapse by @skoolievanblog​,2026-01-17
user-Vozrozhdenie,https://www.youtube.com/@user-Vozrozhdenie,2,2,656603,1.1,32900,Woman Turned Styrofoam Into a HOUSE | Start to Finish by @user-Vozrozhdenie,2025-10-18
RobsCarpentryAndWoodworks,https://www.youtube.com/@RobsCarpentryAndWoodworks,2,2,509340,0.6,12900,"Man Renovates Old Shelter, Turns It Into Cozy Cabin | Start to Finish by @RobsCarpentryAndWoodworks",2026-05-23
loginnature8516,https://www.youtube.com/@loginnature8516,2,2,482893,6.6,16100,A 36-Month Journey Building a Fully Equipped Wooden Home for a Big Family: @loginnature8516,2026-07-30
petualangsumatera-ul5ml,https://www.youtube.com/@petualangsumatera-ul5ml,2,2,357595,13.8,42800,Man Builds Floating Bamboo Raft House for Family | Start to Finish by @petualangsumatera-ul5ml,2025-11-21
Elseweyr,https://www.youtube.com/@Elseweyr,2,2,355349,0.4,6510,Man Builds a Backyard Tiny House and Turns It into a Home Office | Start to Finish by @Elseweyr,2026-07-10
wildhomestead,https://www.youtube.com/@wildhomestead,2,2,339345,4.8,535000,Man Builds Unique Wooden Cabin in the Deep Forest | From Start to Finish by @wildhomestead,2026-04-29
Woodsimprovisation,https://www.youtube.com/@Woodsimprovisation,2,2,334965,193.2,11700,Man Builds WATERWHEEL That Powers His Entire Riverside House | by @Woodsimprovisation,2026-02-19
bastianbuilders,https://www.youtube.com/@bastianbuilders,2,2,315536,5.3,45000,Man Builds a Multi-Million Dollar Dream Home | Start to Finish@bastianbuilders,2026-07-27
ThisLifeOutdoors,https://www.youtube.com/@ThisLifeOutdoors,2,2,305671,0.3,25900,Man Builds Tiny Cabin using FREE Pallets in the Forest | Start to Finish by @ThisLifeOutdoors,2026-07-30
Holy_Maker,https://www.youtube.com/@Holy_Maker,2,2,276417,24.4,300000,Build a giant two-story house that assembles as quickly as Lego | by @Holy_Maker,2026-08-07
VeganAthlete,https://www.youtube.com/@VeganAthlete,2,2,266496,1.3,290000,Couple Builds Dream Home in the Forest | Self-Sufficient Nomadic Life @VeganAthlete,2026-07-12
DanZalinsky,https://www.youtube.com/@DanZalinsky,2,2,264625,0.3,4460,Man Turns Old School Bus Into Luxury Mobile Home | Start to Finish by @DanZalinsky,2026-05-08
ForestHermit,https://www.youtube.com/@ForestHermit,2,2,239596,1.2,72600,Building a Shelter in the Snowy Forest | Surviving the Harsh Winter | By @ForestHermit,2026-08-06
ThisOffGridLife,https://www.youtube.com/@ThisOffGridLife,2,2,206181,2.3,191000,Man Builds Cozy Off-Grid Cabin with Simple Tools | Start to Finish by @ThisOffGridLife,2026-07-29
Exode-Rénovation,https://www.youtube.com/@Exode-Rénovation,2,2,202765,0.2,21500,"Couple Turns an Abandoned House into a $500,000 Dream Home | Start to Finish by @Exode-Rénovation",2026-05-28
AntonioOff-Grid,https://www.youtube.com/@AntonioOff-Grid,2,2,195221,1.0,352000,Alone in a Hot Tents Amidst a Snowstorm  Warm Winter ASMR 🏕️❄️🔥🎧  By @AntonioOff-Grid,2026-07-28
MasonDixonAcres,https://www.youtube.com/@MasonDixonAcres,2,2,164277,0.7,124000,"From Empty Land to a $450,000 Dream Home in Just 365 Days | Start to Finish by @MasonDixonAcres",2026-07-25
MattBangsWood,https://www.youtube.com/@MattBangsWood,2,2,159627,1.9,483000,Complete House Build From Start to Finish | Framing & Roofing @MattBangsWood  @QuantumMakers ,2026-07-11
DoyoNosssFishing,https://www.youtube.com/@DoyoNosssFishing,2,2,114386,1395.0,15900,Man Transforms Plastic Drums into Boat | From Start To Finish by @DoyoNosssFishing,2026-06-19
mattandmouse,https://www.youtube.com/@mattandmouse,2,2,110460,1.0,2570,A 60-Year-Old Man Builds His Dream Log Home in the Forest | From Start to End@mattandmouse,2026-07-09
lythibinh,https://www.youtube.com/@lythibinh,2,2,105243,1.1,110000,Talented young couple builds two dream wooden houses in 200 days  From start to finish by @lythibinh,2026-01-28
MorizinForest,https://www.youtube.com/@MorizinForest,2,2,95321,16.8,105000,Man Builds a Modern Japanese-Style Frame House From Scratch | by @MorizinForest,2026-03-07
RinaandMichael,https://www.youtube.com/@RinaandMichael,2,2,71929,0.1,17600,Family Builds Dream Camper Van | Start to Finish Conversion by @RinaandMichael​,2026-03-07
DawidOutdoorAdventures,https://www.youtube.com/@DawidOutdoorAdventures,2,2,43741,68.9,92900,Man Makes Mountain Survival  EASY with Stone Fire Place. Start to finish by@DawidOutdoorAdventures,2025-08-29
TNCreativeProject,https://www.youtube.com/@TNCreativeProject,2,2,35204,0.4,10900,Man Builds a Solar Powered Boat from Old Steel Barrels | Start to Finish by @TNCreativeProject​,2026-08-08
BuildingVanLife,https://www.youtube.com/@BuildingVanLife,2,3,27969,0.9,14900,DIY Camper Van Conversion - Entire Build | Start To Finish by @BuildingVanLife,2026-06-03
Ivan-Rogal,https://www.youtube.com/@Ivan-Rogal,2,2,26738,6.2,59300,Building a Perfect Circular House from the Ground Up | Start To Finish by @Ivan-Rogal,2026-08-03
ShevaBushcraft,https://www.youtube.com/@ShevaBushcraft,2,2,25318,5.8,422000,Racing Winter to Build an Off-Grid Cabin by Hand | from beginning to end by @ShevaBushcraft,2026-07-25
Lesnoy_Craft,https://www.youtube.com/@Lesnoy_Craft,2,2,23492,1.8,,He Built a Stone Cabin Alone in the Wilderness Start to Finish | (by @Lesnoy_Craft),2026-06-25
kustorez777,https://www.youtube.com/@kustorez777,2,2,17679,1.6,175000,Crafting Green Perfection: A Grass Cutter’s Tale of Skill and Passion : @kustorez777,2026-07-24
darryldarks,https://www.youtube.com/@darryldarks,2,2,15769,0.7,8910,DIY A-Frame Cabin Build: From Foundation to Finish | Full Construction Journey @darryldarks,2026-07-29
primitivevilla1930,https://www.youtube.com/@primitivevilla1930,2,2,9891,6.2,237000,Start to Finish: Luxury Wooden House with Water Wheel & Hanging Garden Build |@primitivevilla1930,2026-08-07
Hampus_Granstrom,https://www.youtube.com/@Hampus_Granstrom,2,3,8791,107.2,231000,Man Fully Restores Abandoned 1963 Ford | From Start To Finish By @Hampus_Granstrom,2025-03-18
DungBushcraft-dq4cu,https://www.youtube.com/@DungBushcraft-dq4cu,2,3,6089,5.7,108000,A Woman Builds a STRONG Bridge for Her Village—Alone! | Start to Finish by @DungBushcraft-dq4cu,2025-11-18
Library,https://www.youtube.com/@Library,2,2,5663,1.8,,"How a Man Spent $30,000 to Build an Underground Bunker | Start to Finish by @Library of Construction",2026-06-12
The_Rebuild_Lab,https://www.youtube.com/@The_Rebuild_Lab,2,2,5239,0.7,60000,Man bought an abandoned luxury car and restored it to like-new condition |@The_Rebuild_Lab,2026-07-26
Bushcraft__Karina,https://www.youtube.com/@Bushcraft__Karina,2,2,4841,1.2,160000,A Girl Builds a Forest Cabin Alone | Full Timelapse from Start to Finish by @Bushcraft__Karina,2026-02-24
ProcessK,https://www.youtube.com/@ProcessK,2,2,3981,137.3,461000,Building a Beautiful Traditional Korean House: Full Construction Process @ProcessK,2026-04-23
RuralCraftsmanship,https://www.youtube.com/@RuralCraftsmanship,2,2,3359,0.8,70700,1 Day Timber Frame Build: Empty Slab to Full Roof | by @RuralCraftsmanship,2026-08-06
Solo.BushcraftTV,https://www.youtube.com/@Solo.BushcraftTV,2,2,3266,2.0,4430,30 Days Building a Stone & Wood Survival Shelter with Outdoor Cooking | @Solo.BushcraftTV,2026-08-02
LESNUE,https://www.youtube.com/@LESNUE,2,2,2892,0.9,2650000,Building a Massive 2-Room Treehouse in a 200-Year-Old Tree (Start to Finish)  @LESNUE,2026-06-17
lttivi,https://www.youtube.com/@lttivi,2,2,2477,0.2,108000,Man Builds Incredible Floating Bamboo Raft Home for Family | Start to Finish | by @lttivi ‬,2026-07-28
SimpleLifeBushcraft,https://www.youtube.com/@SimpleLifeBushcraft,2,2,1489,4.6,246000,A Man Trapped in the Wilderness: How One Forgotten House Saved My Life | By @SimpleLifeBushcraft,2026-08-03
RescueStory,https://www.youtube.com/@RescueStory,2,2,1271,0.6,650000,61 Years old Abandoned Motorcycle Back to Life (by @RescueStory ) ASMR Restoration ,2025-12-27
alex_wildlife,https://www.youtube.com/@alex_wildlife,2,2,1015,0.8,268000,Man builds Underground Forest Cabin Made With NATURAL Logs start to finish by @alex_wildlife,2026-07-30
The,https://www.youtube.com/@The,2,2,922,4.7,1890,Man turns backyard into a luxury outdoor kitchen with pool | by @The Kelley’s Country Life,2026-04-05
OlegDim,https://www.youtube.com/@OlegDim,2,2,756,1.9,74900,DIY Van Conversion: Turning a Van into a Fully Functional Mobile Home | By @OlegDim,2026-06-10
WoodworkingProjectsDIY,https://www.youtube.com/@WoodworkingProjectsDIY,2,2,658,1.2,785000,Man builds motorbike out of wood / Invent and execute from start to finish @WoodworkingProjectsDIY,2025-01-03
Restavraciya,https://www.youtube.com/@Restavraciya,2,2,395,7.0,217000,🎯 Old Weapon Transformed into a Fiery Masterpiece! 🔥 | @Restavraciya,2026-02-19
divanstroy,https://www.youtube.com/@divanstroy,2,2,379,1.2,655000,Man Builds Incredible Wood Cabin from Scratch | Start to Finish Full Build.  @divanstroy​,2026-05-11
woodjunkie,https://www.youtube.com/@woodjunkie,2,2,174,1.6,6,We built a low cost house in 7 days  Entire Construction Process By @woodjunkie yt,2026-07-31
RCPlayGround,https://www.youtube.com/@RCPlayGround,2,2,75,3.4,387000,Man Builds Hyperrealistic RC All-Terrain Vehicle Worth $2000 - Capo CD 1582X Queen by @RCPlayGround,2025-02-09
RenovationProcess,https://www.youtube.com/@RenovationProcess,2,4,11,1.0,212000,Single woman restores her mother's old house and transformed -- by@RenovationProcess,2026-08-09
havgs1701,https://www.youtube.com/@havgs1701,2,2,10,1.1,62400,A Man Builds His Dream Wilderness Cabin Using Only Logs and Stone | by @havgs1701,2026-06-28
WildBushDrive,https://www.youtube.com/@WildBushDrive,1,2,15313144,24.0,47500,Digging Your Own Survival Tunnel — Completely Hidden in the Forest  By @WildBushDrive,2026-07-08
Restoratorman,https://www.youtube.com/@Restoratorman,1,1,3680489,3.5,41200,Man Fully Restores Abandoned Kawasaki Motorcycle back to New | Start to Finish by @Restoratorman,2025-11-04
MrWildNature,https://www.youtube.com/@MrWildNature,1,1,3295466,3.2,524000,Man Builds Dream Mountain House on Impossible Terrain | Start to Finish by @MrWildNature,2025-09-21
serkanbilginbushcraft,https://www.youtube.com/@serkanbilginbushcraft,1,1,2429667,3.8,139000,Rebuilding an Abandoned Wooden House in the Forest With a Loyal Dog 🐕🌲🔥 By @serkanbilginbushcraft,2026-07-06
Bourbonmoth,https://www.youtube.com/@Bourbonmoth,1,1,2181648,2.1,1250000,Man Uses Cattle Trough to Build an Amazing Motorboat | Full Build by @Bourbonmoth,2026-05-30
syromyatnikov,https://www.youtube.com/@syromyatnikov,1,1,1790693,2.2,22600,Man Builds a House ALONE 20 Minutes TIMELAPSE | Start to Finish by @syromyatnikov,2026-02-20
The-Quinta,https://www.youtube.com/@The-Quinta,1,1,1765575,1018.5,73200,Man Buys an Abandoned House and Restores It to New in 18 Months | by @The-Quinta,2026-02-12
Gabe_Octane,https://www.youtube.com/@Gabe_Octane,1,1,1625516,2.0,1780,Man Builds a Cabin with Free Pallets 8 Minutes | TIMELAPSE Start to Finish by @Gabe_Octane,2026-07-21
OlikaBushcraft,https://www.youtube.com/@OlikaBushcraft,1,2,1547231,2.4,8890,Building the Ultimate Secret Bunker | Wilderness Survival 🌲🔥🕳️ | By @OlikaBushcraft,2026-08-10
northtoalaska2022,https://www.youtube.com/@northtoalaska2022,1,1,1421843,14.6,225000,The couple is building their off-grid cabin in Alaska amidst a snowstorm | @northtoalaska2022,2024-12-28
pakistanitruck,https://www.youtube.com/@pakistanitruck,1,1,1367111,1.3,656000,How Pakistan Mechanics Bring American Construction Machines Back to Life | by @pakistanitruck,2025-09-11
thompsonscabin,https://www.youtube.com/@thompsonscabin,1,1,1106705,12.4,64000,Man Builds Incredible Off-Grid Cabin Alone with EZ Log Cabin Kit | Full Build by @thompsonscabin,2026-08-09
annasgmlindgren,https://www.youtube.com/@annasgmlindgren,1,1,1047164,1.0,36800,Woman Restores OLD Abandoned Wood House from Scratch | Start to Finish by@annasgmlindgren​,2026-02-28
MichaelValentino,https://www.youtube.com/@MichaelValentino,1,1,1030459,1.3,1690,"Man Builds a House with Pallets, Wheels, and Trash | Start to Finish by @MichaelValentino",2026-02-06
nialldivers,https://www.youtube.com/@nialldivers,1,1,920644,4.1,1680,He Turned Old Car Tires into a House That Can Withstand Extreme Weather for Centuries @nialldivers,2026-07-05
MartijnDoolaard,https://www.youtube.com/@MartijnDoolaard,1,1,883527,3.8,837000,Man Spends 365 Days Restoring Two Stone Houses in the Italian Alps | performed by@MartijnDoolaard,2026-06-13
chateaudepurnon,https://www.youtube.com/@chateaudepurnon,1,1,774645,3.3,495000,Couple spends $1 million to buy Purnon Castle and turn it into a dream castle | @chateaudepurnon,2026-06-03
DiscoverManufacturing,https://www.youtube.com/@DiscoverManufacturing,1,1,659199,0.6,90200,Men Build Full-Size Wooden Ships from Raw Logs | Start to Finish by  @DiscoverManufacturing,2026-02-22
ZiskindVillage,https://www.youtube.com/@ZiskindVillage,1,1,609117,81.3,324000,Incredible House Built Start to Finish | Timelapse by @ZiskindVillage,2025-09-12
InWildForest,https://www.youtube.com/@InWildForest,1,1,585033,39.8,,How a Man Builds a SECRET Dugout Survival Shelter Alone | Start to Finish by @InWildForest,2025-04-04
doracamperstudio,https://www.youtube.com/@doracamperstudio,1,1,581765,44.6,11500,Man Built a FULL HOUSE Inside a Van… And It’s Unreal! 😳. ( By ‪@doracamperstudio  ),2026-06-27
ShredPile,https://www.youtube.com/@ShredPile,1,1,532369,2.9,26200,Man Builds Incredible Luxury Wooden House in the Mountains | Start to Finish by @ShredPile,2026-06-08
Benjamin-roct,https://www.youtube.com/@Benjamin-roct,1,1,527082,2.2,100000,Couple Spends 2 Years Renovating a 750m² Charentaise House | from beginning to end @Benjamin-roct,2026-05-09
kbmorozov,https://www.youtube.com/@kbmorozov,1,2,524614,0.5,138000,"Man Builds $12,000 Strongest RC Tractor with Hydraulic Mechanisms | Start to Finish by @kbmorozov​",2026-03-07
TriệuThịDuyên-b8b,https://www.youtube.com/@TriệuThịDuyên-b8b,1,1,518934,4.9,5560,Talented woman: Builds a floating house on a deserted island in 180 days by @TriệuThịDuyên-b8b,2026-02-25
Damarsito,https://www.youtube.com/@Damarsito,1,1,505835,67.5,11500,Restoring an 1880s Old House | Full Timelapse from Start to Finish by @Damarsito,2026-02-19
KrisHarbour,https://www.youtube.com/@KrisHarbour,1,1,500876,2.1,618000,Man Builds an Off-Grid Workshop Using Earthbags | Start to Finish@KrisHarbour,2026-08-04
AndrewCamarata,https://www.youtube.com/@AndrewCamarata,1,2,491632,2.1,1520000,Man Builds Castle on Mountain Using Shipping Containers | From Start to Finish @AndrewCamarata,2026-05-16
manmadecrafts,https://www.youtube.com/@manmadecrafts,1,1,456332,227.3,1300000,Turning Dead Space Into a Tiny Office Under the Stairs | By @manmadecrafts,2026-02-27
AustinCoulson,https://www.youtube.com/@AustinCoulson,1,1,432224,2.7,152000,MAN TRANSFORMS an Old Box Truck Into a LUXURY MOBILE PIZZERIA | start to finish by @AustinCoulson,2026-07-25
LostinMountainsCarpathians,https://www.youtube.com/@LostinMountainsCarpathians,1,1,421722,2.2,51000,Surviving High Building a Treehouse During a Blizzard |  By @LostinMountainsCarpathians,2026-07-26
emmanuel_sepulchre,https://www.youtube.com/@emmanuel_sepulchre,1,1,401244,4.2,1100,2 Friends Built an Off-Grid Timber Frame Cabin in the Forest (From Scratch) by@emmanuel_sepulchre,2026-05-05
Montana,https://www.youtube.com/@Montana,1,1,393489,1145.5,,A man and his family built a log cabin in Alaska@Montana Haven,2025-12-14
sharingsurvival,https://www.youtube.com/@sharingsurvival,1,1,392590,0.4,7170,Man Builds Dream Log Cabin in the Forest | Start to Finish by @sharingsurvival,2026-01-06
woodwood1,https://www.youtube.com/@woodwood1,1,1,392262,1.7,113000,"Process of Building a GIANT Wooden Villa in South Korea for $1,000,000 | Step-by-step by @woodwood1",2026-07-10
ourtraveljournalnl,https://www.youtube.com/@ourtraveljournalnl,1,1,355436,0.4,2220,Couple Turns Old Fiat Ducato Into a Luxury Tiny Home on Wheels | Start to Finish@ourtraveljournalnl,2026-05-14
trieuthisenh-o6k,https://www.youtube.com/@trieuthisenh-o6k,1,1,350714,31.2,15200,Young Woman Builds Dream Wooden House Beside the Stream | Start to Finish by @trieuthisenh-o6k ‬,2025-10-30
TravelingbyTacoma,https://www.youtube.com/@TravelingbyTacoma,1,1,324781,0.3,13500,"Man Turns a $20,000 Truck into a Tiny Dream Camper | Start to Finish Build by @TravelingbyTacoma",2026-04-29
KeeflaDiy,https://www.youtube.com/@KeeflaDiy,1,1,320459,0.4,4150,Family Builds a Cheap Homemade Pontoon Boat Using Barrels | Start to Finish @KeeflaDiy,2026-06-08
WildlifeHomesteadCabin,https://www.youtube.com/@WildlifeHomesteadCabin,1,1,308001,3.2,,Building a cabin & furniture entirely out of wood by hand in the wilderness: @WildlifeHomesteadCabin,2026-04-12
mr.deswal6903,https://www.youtube.com/@mr.deswal6903,1,1,299882,0.3,476000,Building the Biggest RC Tractor with REAL Mechanisms | Full Process by​ @mr.deswal6903​,2025-05-22
buildingroots5873,https://www.youtube.com/@buildingroots5873,1,1,299426,1.3,8100,Couple spends five years building a massive straw house | from start to finish@buildingroots5873,2026-08-07
ChâteauduVot,https://www.youtube.com/@ChâteauduVot,1,1,290543,38.8,1900,Couple Renovates an Ancient Abandoned French Castle | Full Timelapse by @ChâteauduVot,2026-07-30
RAWConstructionASMR,https://www.youtube.com/@RAWConstructionASMR,1,1,270148,2.8,3770,"The Foundation and Framing Process of a 5,500 sq ft Home in Austin, Texas: @RAWConstructionASMR",2026-05-10
TieuLieu-17yearold,https://www.youtube.com/@TieuLieu-17yearold,1,1,267361,2.5,62900,Young woman transforms old house into A NEW HOME in just 60 days by @TieuLieu-17yearold,2026-03-13
Trieuthiduong,https://www.youtube.com/@Trieuthiduong,1,2,240645,2.3,98300,Talented woman: Building a self-sufficient floating house on a deserted island by @Trieuthiduong,2026-04-08
annieandthevicarage,https://www.youtube.com/@annieandthevicarage,1,1,239626,32.0,9730,A Woman Renovates a Farmhouse in the Countryside | From Start to Finish by @annieandthevicarage,2026-07-21
fazenda13aa,https://www.youtube.com/@fazenda13aa,1,1,236963,31.6,8070,A Man Builds a Frame House | From Start to Finish by @fazenda13aa,2025-10-08
Renovacile,https://www.youtube.com/@Renovacile,1,1,233464,1.0,84300,Couple Spends 4 Years Transforming an Old Barn Into a Dream Home | performed by @Renovacile,2026-06-17
LakeLotBuild,https://www.youtube.com/@LakeLotBuild,1,1,225870,0.2,8410,Couple Builds ICF House on Mountain with Million Dollar View | Start to Finish by @LakeLotBuild,2025-04-23
old_school_moaboa,https://www.youtube.com/@old_school_moaboa,1,1,212883,28.4,32700,100 Year Old House Renovation - Timelapse by @old_school_moaboa,2026-01-21
TheCrockers,https://www.youtube.com/@TheCrockers,1,1,209215,2.4,462000,Watch a Couple Build Their Dream House from Start to Finish @TheCrockers @QuantumMakers ,2026-08-04
thetielife,https://www.youtube.com/@thetielife,1,1,172108,23.0,33700,A Couple Builds a Rammed Earth Greenhouse From Start to Finish | Timelaps by @thetielife,2025-12-01
adventurevibee,https://www.youtube.com/@adventurevibee,1,1,141369,439.7,124000,A Man Built a Safe and Comfortable Hideout inside a Large and Strange Rock | By@adventurevibee,2025-04-16
mycustomgokart,https://www.youtube.com/@mycustomgokart,1,1,135997,0.1,185000,Man Transforms Old Lawn Mower into a Fast Racing Go-Kart | Start to Finish by @mycustomgokart,2025-11-27
whyknotbuildit,https://www.youtube.com/@whyknotbuildit,1,1,132585,0.1,8560,"Couple Restores Their Storm-Destroyed Backyard and Saves $40,000 | Full Build by @whyknotbuildit​",2026-05-30
SashaJuliardD,https://www.youtube.com/@SashaJuliardD,1,1,122658,9.4,39500,Man Built a LUXURY Cabin in The Jungle! Start to Finish By @SashaJuliardD,2026-08-02
Kings_Wharf_Restoration,https://www.youtube.com/@Kings_Wharf_Restoration,1,1,119710,2.4,18100,Man Restores a 48-Year-Old Boat | Start to Finish @Kings_Wharf_Restoration,2026-06-15
RCHBuilders,https://www.youtube.com/@RCHBuilders,1,1,115688,15.4,1170,Old House Renovation into a Cozy Home: Start to Finish | Timelapse by @RCHBuilders,2025-09-24
ThePasturedHomestead,https://www.youtube.com/@ThePasturedHomestead,1,1,111939,0.5,191000,Couple Builds a Self-Sufficient Energy Home on a 50-Acre Farm | by@ThePasturedHomestead,2026-08-09
jeffreywaldman,https://www.youtube.com/@jeffreywaldman,1,1,110868,0.1,19600,Friends Build a Wood Cabin in Forest in 10 Minutes – TIMELAPSE | Start to Finish by @jeffreywaldman,2026-08-10
WildGnomosTV,https://www.youtube.com/@WildGnomosTV,1,1,104747,0.5,4890,Man Builds Stunning Log Cabin on MASSIVE GRANITE Foundation | Start to Finish by @WildGnomosTV,2026-06-23
riverrockcabin5941,https://www.youtube.com/@riverrockcabin5941,1,1,89744,1.0,1540,Old Man and His Wife Build an Incredible Luxury Home in the Wild Forest | by @riverrockcabin5941,2026-06-18
Diego_Leon,https://www.youtube.com/@Diego_Leon,1,1,89147,0.4,175000,Couple Restores a 200-Year-Old French Countryside Home | from beginning to end@Diego_Leon,2026-06-09
radicalgastronomy,https://www.youtube.com/@radicalgastronomy,1,1,86122,11.5,25000,A Man Builds a Mini House | Timalapse from Start to Finish by @radicalgastronomy,2026-01-27
CarRestorations-USA,https://www.youtube.com/@CarRestorations-USA,1,1,79741,1.6,14400,Man Restores an Abandoned Patrol Vehicle Into His Dream Ride | by @CarRestorations-USA,2026-07-30
woodysbarndominium,https://www.youtube.com/@woodysbarndominium,1,1,59787,0.7,38200,Family Rebuilds a Dream Off-Grid Cabin in the Forest | Start to Finish by @woodysbarndominium,2026-06-10
LandtoHouse,https://www.youtube.com/@LandtoHouse,1,1,52031,7.0,260000,A Man Builds a Modular Home | Start to Finish | Timelapse by @LandtoHouse,2025-10-27
BuildStudioHQ,https://www.youtube.com/@BuildStudioHQ,1,1,47616,8.4,324000,Couple Builds SHIPPING CONTAINER HOME With No Experience | by @BuildStudioHQ,2026-02-28
HandyGeng,https://www.youtube.com/@HandyGeng,1,1,42304,21.1,404000,I Built a Homemade Amphibious RV That Floats + A Zero-Gravity Centrifugal Car | By @HandyGeng,2026-02-22
THENORTHCABIN,https://www.youtube.com/@THENORTHCABIN,1,1,40197,3.5,49400,Building an Off-Grid Cabin Before Winter Strikes | from beginning to end by @THENORTHCABIN,2026-07-31
cabininthenorth,https://www.youtube.com/@cabininthenorth,1,1,37266,0.4,3860,The man builds his own wooden cabin by hand. | @cabininthenorth,2025-02-08
WildRoot.Bushcraftz,https://www.youtube.com/@WildRoot.Bushcraftz,1,1,35482,3.1,,Building 5 Hidden Off-Grid Shelters from Scratch | by @WildRoot.Bushcraftz,2026-07-19
Bushgard-x,https://www.youtube.com/@Bushgard-x,1,1,34789,2.7,19800,99% of People Couldn't Build This Shelter... He Did It Alone! ( By @Bushgard-x ),2026-07-14
20by8,https://www.youtube.com/@20by8,1,1,34223,19.7,14200,Man Builds an Amazing DIY Container Workshop in the Mountains | by @20by8,2026-03-10
TheDIYCabinGuy,https://www.youtube.com/@TheDIYCabinGuy,1,1,33974,6.0,32500,Man Turns a Steep Mountain Slope Into a Stunning Cabin | by @TheDIYCabinGuy,2026-03-21
Mechanical-Hands,https://www.youtube.com/@Mechanical-Hands,1,1,31369,13.6,77900,Reviving a big 40 Year Old dead–Mercedes V10 Engine Revival SHOCKS Everyone!( By @Mechanical-Hands ),2025-08-24
seyyarhane,https://www.youtube.com/@seyyarhane,1,1,30411,0.0,553000,Couple Build Stunning Caravan Home on an Empty Truck Chassis | Full Transformation @seyyarhane ​,2026-06-23
TractorsandCream,https://www.youtube.com/@TractorsandCream,1,1,30043,4.0,12400,A Man Builds a Dome House From Start to Finish | Timelaps by @TractorsandCream,2025-11-28
OurRestorationNation,https://www.youtube.com/@OurRestorationNation,1,1,29204,3.9,162000,Old House Renovation | Full Timelaps from Start to Finish by ⁨@OurRestorationNation,2025-10-19
TheLodgeGuys,https://www.youtube.com/@TheLodgeGuys,1,1,28623,0.9,47000,From Empty Van to Luxury Motorhome | Start To Finish @TheLodgeGuys,2026-08-09
rosagold,https://www.youtube.com/@rosagold,1,1,23514,13.6,71300,Couple Spends 100 Days Renovating Old House Back to New | by @rosagold,2026-03-13
DağKöyündeHayat,https://www.youtube.com/@DağKöyündeHayat,1,1,21405,0.2,49500,Man Builds Unique Off-Grid Cabin Using Only Hand Tools @DağKöyündeHayat,2025-11-08
bodhibus,https://www.youtube.com/@bodhibus,1,1,20714,0.0,1120,Two Men Turns a Utility Trailer into a Mobile Home Studio in 9 Minutes - TIMELAPSE @bodhibus,2026-06-23
johnwolson,https://www.youtube.com/@johnwolson,1,1,19518,3.4,10600,Man Builds $387K Luxury Mountain House on Steep Terrain With Stunning Views | by @johnwolson,2026-01-23
diekleinewerkstatt727,https://www.youtube.com/@diekleinewerkstatt727,1,1,17093,0.1,11000,Man Transforms His Backyard and Builds an Amazing BBQ Cabin | by@diekleinewerkstatt727,2026-08-10
Perfectgroup2013,https://www.youtube.com/@Perfectgroup2013,1,2,16259,1.4,49,Building a Massive Log Fortress: Star-Shaped Timber & Crane Lifts | by @Perfectgroup2013,2026-07-01
ThisOldJalopy,https://www.youtube.com/@ThisOldJalopy,1,1,16154,0.0,42300,Man Turns an Old Car Into Electric Vehicle | Start to Finish by @ThisOldJalopy,2026-07-15
Bochi,https://www.youtube.com/@Bochi,1,1,15751,0.1,,This guy builds a round house in just 3 days! From start to finish by @Bochi Hut,2026-01-26
electricsupercar,https://www.youtube.com/@electricsupercar,1,1,15482,0.5,182000,Man Builds a REAL Electric Supercar in His Garage | Start To Finish by @electricsupercar,2026-05-18
sawyerslawncareservice,https://www.youtube.com/@sawyerslawncareservice,1,1,14316,1.1,7610,The FASTEST Way to Remove Fall Leaves ! (By @sawyerslawncareservice  ),2026-08-10
trwilderness-bahadirkilic,https://www.youtube.com/@trwilderness-bahadirkilic,1,1,14283,1.2,113000,Building a log cabin in 30 days - From start to finish by @trwilderness-bahadirkilic,2026-06-11
secondgrowthhomes,https://www.youtube.com/@secondgrowthhomes,1,1,13976,1.9,4990,A Man Builds a Frame Cabin | From Start to Finish by @secondgrowthhomes,2025-12-04
HomeSweetHomeAlaska,https://www.youtube.com/@HomeSweetHomeAlaska,1,1,11948,0.1,33900,Man Builds an Incredible Dream Log House in the Wild Forest | Start to Finish@HomeSweetHomeAlaska,2026-04-13
nhettvchannel,https://www.youtube.com/@nhettvchannel,1,1,11645,3.2,2530000,Man Spent 350 Days Building a Lamborghini Revuelto From Scrap | Start To Finish By @nhettvchannel,2026-05-04
wetscapes,https://www.youtube.com/@wetscapes,1,1,11441,1.5,2530,Professional Pool Build in the Backyard | Timelaps by @wetscapes,2025-12-22
7asean,https://www.youtube.com/@7asean,1,1,10414,17.0,,The man built a self-sufficient bamboo island in 365 days.| by@7asean,2026-04-02
SBRRCTRUCK,https://www.youtube.com/@SBRRCTRUCK,1,1,10240,2.8,401000,Young Man Builds a Realistic RC Dump Truck MAN TGS from PVC | Start to Finish By @SBRRCTRUCK,2026-05-03
PhươngOutdoor,https://www.youtube.com/@PhươngOutdoor,1,1,9754,14.8,167000,Solo Woman Builds a Swimming Pool and Cabin in 300 Days | Start to Finish By @PhươngOutdoor,2026-07-17
BushcraftAdventure,https://www.youtube.com/@BushcraftAdventure,1,1,9446,0.3,35500,Man Builds INSANE Snow Igloo To Live In | Start to Finish by @BushcraftAdventure,2026-05-01
QTechGlobal,https://www.youtube.com/@QTechGlobal,1,1,9310,0.1,4120,The Forgotten Village: One Young Man’s Incredible Wooden House Transformation | By @QTechGlobal,2026-05-16
outdoorboy0,https://www.youtube.com/@outdoorboy0,1,1,8961,0.7,19800,Building a STONE Shelter Under a Giant Rock! (@outdoorboy0 ),2026-08-09
LýPhúcNhi,https://www.youtube.com/@LýPhúcNhi,1,1,8861,0.8,25300,Woman Builds a Stunning Luxury Villa by the Lake from Scratch in Just 180 Days | by ‪@LýPhúcNhi ‬,2025-12-20
my-good-friends,https://www.youtube.com/@my-good-friends,1,1,8733,0.8,27500,Solo Building an Off-Grid Cabin from Dirt to Solar | Start To Finish by @my-good-friends,2026-08-03
TheEnesYilmazerPodcast,https://www.youtube.com/@TheEnesYilmazerPodcast,1,1,8298,0.6,829000,The Most Luxurious House on the Mountain!  😳 Bel Air Escape { @TheEnesYilmazerPodcast   },2026-07-13
Lakimhue998,https://www.youtube.com/@Lakimhue998,1,1,8156,0.1,139000,This young woman is bringing a 90-year-old scrap tractor back to brand new condition! @Lakimhue998,2026-03-09
PacificPinesRanch,https://www.youtube.com/@PacificPinesRanch,1,1,8078,0.2,84300,"They Spent $700,000 Turning Junk Containers Into a Modern Architectural Miracle.(@PacificPinesRanch)",2026-08-05
marusya_outdoors,https://www.youtube.com/@marusya_outdoors,1,1,7951,4.0,20600000,Surviving the Freezing Wilderness: Building an Igloo Shelter By @marusya_outdoors,2026-05-03
LRN2DIY,https://www.youtube.com/@LRN2DIY,1,1,7491,1.0,1280000,A Man Builds a Treeless Tree House | Timelaps from Start to Finish by @LRN2DIY,2026-01-24
GreasyFingers,https://www.youtube.com/@GreasyFingers,1,1,5842,0.8,30400,Man Restores an Old Classic Cars | Full Timelapse Step by Step form @GreasyFingers,2026-07-26
Nasatchanne,https://www.youtube.com/@Nasatchanne,1,1,5768,2.5,,This Engine Repair Was Thought Impossible… But He Fixed It! ✅ by @Nasatchanne,2026-08-01
Fitiman,https://www.youtube.com/@Fitiman,1,1,5645,0.8,1230,Man Renovates an Old Stone House | Full Timelapse from Start to Finish by @Fitiman ​,2026-02-16
SavingSweetWilliam,https://www.youtube.com/@SavingSweetWilliam,1,1,5429,0.7,,A Couple Renovate a Greek House | From Start to Finish | Timelaps by @SavingSweetWilliam,2026-01-30
One.woman.wilderness,https://www.youtube.com/@One.woman.wilderness,1,1,5404,0.7,229000,Woman renovates a Cabin in the Woods | Timelapse from Start to Finish by @One.woman.wilderness,2026-08-02
buildingskill9353,https://www.youtube.com/@buildingskill9353,1,1,5397,2.7,1750000,This Treehouse Is Not For The Faint Hearted | By @buildingskill9353,2026-02-01
JanCampLife,https://www.youtube.com/@JanCampLife,1,1,4971,0.1,,Master in building unique shelters | @JanCampLife,2024-12-29
WildAngelBushcraft,https://www.youtube.com/@WildAngelBushcraft,1,1,4957,0.7,24500,A Girl Builds a Shelter in the Woods | Full Timelapse from Start to Finish by @WildAngelBushcraft,2026-03-31
SalvagetoScenic,https://www.youtube.com/@SalvagetoScenic,1,1,4856,1.3,322000,Man Transforms an Old Pontoon Boat into a LUXURY Tiny Floating Home @SalvagetoScenic​,2026-05-06
awesome,https://www.youtube.com/@awesome,1,1,4825,49.2,109000,100% Wrecked & Forgotte Can This Nissan Patrol Be Saved | by @awesome car restoration,2026-04-07
MrHoaBushcraft,https://www.youtube.com/@MrHoaBushcraft,1,1,4772,0.0,138,This man is building a top-secret bunker among massive rocks! @MrHoaBushcraft,2026-03-20
WELDPRO,https://www.youtube.com/@WELDPRO,1,1,4723,48.2,35,CRAZY Idea! Turn Your Bicycle Into a Chainless 500W Electric Bike|By @WELDPRO,2026-03-28
DailyBergstrom,https://www.youtube.com/@DailyBergstrom,1,1,4697,2.6,,Hombre Convierte Granero Abandonado En Un Taller de Ensueño DIY | Antes Y Después | @DailyBergstrom,2026-01-08
Ishkinin_Outdoors,https://www.youtube.com/@Ishkinin_Outdoors,1,1,4320,0.6,1900,A Man Builds a Shelter in the Woods | Timelaps by @Ishkinin_Outdoors,2025-11-10
volodhendrix,https://www.youtube.com/@volodhendrix,1,1,4147,0.6,378,Incredible House Built Start to Finish | Timelapse by  @volodhendrix,2025-11-25
WisdomPreserved,https://www.youtube.com/@WisdomPreserved,1,1,4143,0.6,63500,A Woman Builds a Unique Window Greenhouse | Timelapse From Start to Finish by @WisdomPreserved​,2026-01-18
GrumpyToadCreation,https://www.youtube.com/@GrumpyToadCreation,1,1,4084,0.4,,"Man Builds a Dream Home and Saves $500,000 Doing It Himself - Start to Finish by @GrumpyToadCreation",2026-07-19
Grovehide_Builds,https://www.youtube.com/@Grovehide_Builds,1,1,4034,0.9,794,Racing the Snow to Build an Off-Grid Winter Cabin | Start To Finish by @Grovehide_Builds,2026-07-28
TravelersTale,https://www.youtube.com/@TravelersTale,1,1,3860,0.0,234000,Build a bunker to stay in the freezing snow and ice. | @TravelersTale,2025-01-21
Christine,https://www.youtube.com/@Christine,1,1,3830,3.1,108,Inside an Epic Forest Cabin Build – A-Frame House Made by Couple @Christine & Jesse,2026-06-20
woody_allan,https://www.youtube.com/@woody_allan,1,1,3774,0.3,3610,Man Built a Secret Underground Heated Cabin in the Forest!  (By ‪@woody_allan  ),2026-06-12
ForestHobby_,https://www.youtube.com/@ForestHobby_,1,1,3772,11.7,32200,The Man restored a Abandoned House Into a Perfect Shelter During Snowstorm | By @ForestHobby_,2025-04-10
AleksandrKvasha,https://www.youtube.com/@AleksandrKvasha,1,1,3746,0.3,,Man Built a SECRET Bunker in His Backyard - DIY Transformation! ( By ‪@AleksandrKvasha‬),2026-03-29
lifeinruralthailand,https://www.youtube.com/@lifeinruralthailand,1,1,3678,0.5,120000,A Man Builds a Frame House | From Start to Finish by @lifeinruralthailand,2025-11-05
HomesteadingUncontained,https://www.youtube.com/@HomesteadingUncontained,1,1,3324,0.4,37800,Man builds a greenhouse on his farm | Timelapse from Start to Finish by @HomesteadingUncontained,2026-06-17
Noru,https://www.youtube.com/@Noru,1,1,3318,33.9,6,Man Builds a Handmade Survival Shelter in 15 Days | By @Noru Saru Bushcraft,2026-04-28
NHẾT,https://www.youtube.com/@NHẾT,1,1,3248,2.5,1,Turning Dreams into Reality |  From Start to Finish by @NHẾT TV,2024-12-29
Xiaoqianfeng,https://www.youtube.com/@Xiaoqianfeng,1,1,3151,1.6,535000,A Girl Builds Her Own House in the Countryside in 360 Days | By @Xiaoqianfeng,2026-02-24
Restoration,https://www.youtube.com/@Restoration,1,1,2873,29.3,1640000,Abandoned KAWASAKI NSR 50… Then This Full Restoration Happened | By @Restoration Repair,2026-04-10
RJLgardens,https://www.youtube.com/@RJLgardens,1,1,2775,0.0,100000,Sculpting Nature's Beauty. A Gardener’s Journey of Precision and Passion: @RJLgardens,2024-12-23
SurvivalBuild,https://www.youtube.com/@SurvivalBuild,1,1,2771,2.1,560000,Woman builds Insanely beautiful tree house from start to finish by  @SurvivalBuild ​,2025-01-31
realmikethakur,https://www.youtube.com/@realmikethakur,1,1,2639,1.4,350,Familia Compra Mansión Quemada Y La Convierten En La Casa De Sus Sueños  | ⁨@realmikethakur,2026-01-01
DomashMaster,https://www.youtube.com/@DomashMaster,1,1,2600,8.2,1020000,Building a Budget Frame House in Just 7 Days! (Step-by-Step Process) @DomashMaster,2026-06-23
JPMansionTours,https://www.youtube.com/@JPMansionTours,1,1,2246,0.2,171000,Inside a $5 Million Mansion That Feels Like a 7-Star Resort!  (By @JPMansionTours ),2026-06-30
theturkishviking-bushcraft,https://www.youtube.com/@theturkishviking-bushcraft,1,1,2236,1.1,,Solo Bushcraft Build: A Warm Treehouse After 365 Days | By @theturkishviking-bushcraft,2026-02-12
muhammadali77,https://www.youtube.com/@muhammadali77,1,1,2215,1.0,35000,Rusty Scrap Bus Becomes a Million-Dollar Coach | Start to Finish ( by @muhammadali77 ),2025-09-16
FreeRoamFitouts,https://www.youtube.com/@FreeRoamFitouts,1,1,2035,0.3,20800,A Man Builds an Amazing DIY Container Home | Housing From Start to Finish by @FreeRoamFitouts,2026-05-28
SurvivingAlone-i2j,https://www.youtube.com/@SurvivingAlone-i2j,1,1,2016,0.2,32300,From Raw Dirt: Solo Building an Off-Grid Concrete Homestead | by @SurvivingAlone-i2j,2026-08-06
AmbitionStrikes,https://www.youtube.com/@AmbitionStrikes,1,1,2011,0.6,1140000,Couple Builds an Amazing Tiny Home From Shipping Containers  | Start to Finish @AmbitionStrikes,2026-05-20
paktech9707,https://www.youtube.com/@paktech9707,1,1,1867,1.2,177000,Handmade Isuzu Bus Production in Pakistan | Full Process by Professional Skills @paktech9707,2026-04-27
ben-kilner,https://www.youtube.com/@ben-kilner,1,1,1818,0.5,495000,Man Revives a 100-Year-Old Abandoned Workshop | Start to Finish By @ben-kilner,2026-05-26
ĐiềnTiểuCaFarm86,https://www.youtube.com/@ĐiềnTiểuCaFarm86,1,2,1686,62.4,,She Built a Cozy Hut on a Tree – A Dream in Nature@ĐiềnTiểuCaFarm86,2026-01-20
ThanhBoat,https://www.youtube.com/@ThanhBoat,1,2,1655,1.3,0,THIS WATERPROOF SUKHOI 35 MODEL is a GAME CHANGER ! From Start to Finish by   @ThanhBoat,2024-12-25
AxesGarage,https://www.youtube.com/@AxesGarage,1,1,1428,0.6,3610,From Scrap to Supercar: The 1 Million Dollar Homemade Bugatti! (By @AxesGarage ),2025-11-02
lathimui,https://www.youtube.com/@lathimui,1,1,1413,0.1,16500,Poor Family Builds a New Home After Their House Was Destroyed by Heavy Rain | Build by @lathimui,2026-03-25
andriibushcraft34,https://www.youtube.com/@andriibushcraft34,1,1,1389,4.1,800,Man Builds a Forest Dugout With Fireplace | Start to Finish by @andriibushcraft34,2025-08-29
hoangthichien1991ideahouse,https://www.youtube.com/@hoangthichien1991ideahouse,1,1,1325,1.0,86000,Young girl built herself a stone house with only 50 USD? | @hoangthichien1991ideahouse #stonehouse,2024-12-28
MADDETAILING,https://www.youtube.com/@MADDETAILING,1,1,1324,0.7,547000,Restoring An Abandoned Boat After 10 Years To Like-New Condition | By @MADDETAILING,2026-01-30
Le_Dan,https://www.youtube.com/@Le_Dan,1,1,1281,1.0,577000,Building a One-of-a-Kind Chopper: From Single-Cylinder to W3 Engine Masterpiece | made by @Le_Dan,2025-01-22
MoonCamping2005,https://www.youtube.com/@MoonCamping2005,1,1,1269,1.0,,Full 7 Days Building secret survival shelter Start to finish by @MoonCamping2005,2025-02-05
TimKatie,https://www.youtube.com/@TimKatie,1,1,1238,0.3,108000,Couple Builds an Amazing Luxury Camper Van From a Modern Ford | Full Conversion Process @TimKatie,2026-05-24
lesnoy_nearthefire998,https://www.youtube.com/@lesnoy_nearthefire998,1,1,1127,38.9,249000,I Built a Cozy Off Grid Log Cabin Alone in the Deep Forest Full Process @lesnoy_nearthefire998,2026-04-21
MiniHouseDIY,https://www.youtube.com/@MiniHouseDIY,1,1,1092,0.0,590000,Man Builds 2-Floor Building With Mini Bricks | Small-Scale DIY @MiniHouseDIY,2025-11-13
SurvivalBuilder,https://www.youtube.com/@SurvivalBuilder,1,3,1072,3.4,11900000,Full Time-lapse: Building a Massive 18.5m Jungle Tree House & Private Pools! @SurvivalBuilder​,2026-08-06
UltimateTechHub,https://www.youtube.com/@UltimateTechHub,1,1,1041,0.1,90300,A Man Builds a Backyard Pool | From Start to Finish | Timelapse by @UltimateTechHub,2026-01-15
adventuresakahayang,https://www.youtube.com/@adventuresakahayang,1,1,1034,0.1,1800,A Man Builds an Incredible Shelter in the Jungle | From Start to Finish by @adventuresakahayang,2025-12-15
Bendheim,https://www.youtube.com/@Bendheim,1,1,959,1.0,,Inside a Shipping Container: Man Builds the Ultimate Workshop | @Bendheim,2025-12-11
Martijn,https://www.youtube.com/@Martijn,1,1,937,9.6,,365 Days Turning Alpine Ruins Into Beautiful Homes | @Martijn Doolaard,2026-06-27
BreakFreeHomestead,https://www.youtube.com/@BreakFreeHomestead,1,1,898,0.2,59500,How One Man Turned an Old Garage Into a Cozy Living Space | Start to Finish by @BreakFreeHomestead,2026-04-16
BMSculptures,https://www.youtube.com/@BMSculptures,1,1,842,0.4,981000,I Built a Life-Size T-Rex Skull from Wood (50+ Days of Work) | By @BMSculptures,2026-03-05
2apples,https://www.youtube.com/@2apples,1,1,779,0.3,101000,​I Built a Luxury Container House for My Grandparents! by @2apples ​,2026-05-22
MadeinPolandChannel,https://www.youtube.com/@MadeinPolandChannel,1,1,735,0.2,1330000,Built A Custom Utility Vehicle With A Hydraulic Bucket | Start to Finish by @MadeinPolandChannel,2026-06-05
WildxJournal,https://www.youtube.com/@WildxJournal,1,1,718,0.6,63900,The Journey of Building a Beautiful Bamboo House in the Forest: An Inspiring Story | by@WildxJournal,2025-01-01
koscheyproject,https://www.youtube.com/@koscheyproject,1,1,714,0.1,9700,Man Turns Empty Wilderness Into a Dream Cabin in Just 6 Days | Start to Finish by @koscheyproject,2026-04-02
monobatiz,https://www.youtube.com/@monobatiz,1,1,684,0.1,5610,How One Man Turned Wooden Pallets Into a Fully Insulated House| Start to Finish by @monobatiz,2026-03-31
Bushcraft.en.Solitario,https://www.youtube.com/@Bushcraft.en.Solitario,1,1,651,2.7,,He Built a Secret Underground Bunker No One Can Find @Bushcraft.en.Solitario,2026-07-13
AlmightyGod2512,https://www.youtube.com/@AlmightyGod2512,1,1,629,3.1,8560,30 Days Solo Bushcraft: Building a Bamboo Shelter Under a Cliff @AlmightyGod2512,2025-07-07
VermijlCarDetail,https://www.youtube.com/@VermijlCarDetail,1,1,600,10.7,511000,Legendary Wash for a 1985 Mercedes-Benz! @VermijlCarDetail,2025-07-05
TheLastSurvivor-7,https://www.youtube.com/@TheLastSurvivor-7,1,1,579,1.7,12300,Man builds a Dugout With Fireplace inside on a Cliff | Survival Shelter by @TheLastSurvivor-7​,2025-08-29
bushcraftandnature,https://www.youtube.com/@bushcraftandnature,1,1,576,0.1,23400,Handcrafting a Bamboo River Sanctuary for My Rabbit | from beginning to end by @bushcraftandnature,2026-07-22
FLManGarage,https://www.youtube.com/@FLManGarage,1,1,517,0.1,27400,He Transforms Scrapyard V8 Chevrolet C10 Back to New | Restoration By @FLManGarage,2026-06-04
thecoyotelab,https://www.youtube.com/@thecoyotelab,1,1,509,0.1,36800,"Man Builds a DREAM HOME from Shipping Containers for Just $12,000 | by @thecoyotelab",2026-05-09
mayilaicreatives,https://www.youtube.com/@mayilaicreatives,1,1,478,0.2,21000,DIY Aircraft Model Made from PVC Plastic | By @mayilaicreatives,2026-02-03
amazingskillas,https://www.youtube.com/@amazingskillas,1,1,426,0.3,118000,Crafting a Stunning Wooden Hotpot with Brass Detailing by @amazingskillas ,2025-08-11
WorkshopFromScratch,https://www.youtube.com/@WorkshopFromScratch,1,2,391,0.7,881000,Homemade 4-wheel off-road motorbike / Invent and execute from start to finish @WorkshopFromScratch,2024-09-26
MakeitExtreme,https://www.youtube.com/@MakeitExtreme,1,1,378,0.7,1970000,How he made a one-wheeled off-road vehicle/ Invent and execute from start to finish  @MakeitExtreme,2024-09-22
boxworks1001,https://www.youtube.com/@boxworks1001,1,1,375,0.3,4570,"Man Spends $2,000 Building RC Scania with Real Working Features by @boxworks1001",2025-12-07
Mustaqim,https://www.youtube.com/@Mustaqim,1,1,365,3.7,2,A Man Turns a Giant Water Tank Into an Unsinkable@Mustaqim Muhammad Hatta,2026-05-27
randomskills5773,https://www.youtube.com/@randomskills5773,1,1,361,0.2,15200,Skilled Workers Build Powerful Lathe Machine by @randomskills5773,2026-05-13
CraftCreative-444,https://www.youtube.com/@CraftCreative-444,1,1,344,0.6,,Invention of wooden cars / Invent and execute from start to finish @CraftCreative-444,2024-09-20
ARIA,https://www.youtube.com/@ARIA,1,1,324,1.0,,The Man Built Incredible DIY Shelter Under the Giant Stone: | Start To Finish By @ARIA BUSHCRAFT,2025-04-27
MARCANDSANDY,https://www.youtube.com/@MARCANDSANDY,1,1,319,0.3,,Couple transforms abandoned house into a stunning palace in 9 months! | @MARCANDSANDY,2026-04-21
WildSoloSurvival,https://www.youtube.com/@WildSoloSurvival,1,1,313,1.0,93600,"""The Ultimate Treehouse Masterpiece: 166 Days of Solo Crafting (TIMELAPSE)"" @WildSoloSurvival",2026-03-20
TraplinesandInlines,https://www.youtube.com/@TraplinesandInlines,1,1,231,0.7,172000,Man Builds a Traditional Japanese Log Cabin | Start to Finish@TraplinesandInlines,2026-07-18
InfinityGarage-ig8py,https://www.youtube.com/@InfinityGarage-ig8py,1,1,227,0.1,47900,BUILDING a High-Speed Go-Kart From a Kawasaki GPZ500 Engine @InfinityGarage-ig8py,2026-06-08
CHUANQIENGINE,https://www.youtube.com/@CHUANQIENGINE,1,1,224,2.2,106000,man builds an MCU version of the Chuanqi V12 engine | from start to finish by@CHUANQIENGINE,2026-08-06
European,https://www.youtube.com/@European,1,1,224,2.3,16,We Bought a 100 Year Old Abandoned House… What Hap@European Homesteading,2026-06-23
NATRA2021,https://www.youtube.com/@NATRA2021,1,1,214,0.1,170000,Amazing Restoration of a Sewing Machine |From Rust to Glory |Journey of Transformation by @NATRA2021,2025-08-08
Gablok-maison-kit,https://www.youtube.com/@Gablok-maison-kit,1,1,187,0.2,10300,Affordable House Construction in Record Time | Full Building Process @Gablok-maison-kit,2026-06-11
ChayDenne,https://www.youtube.com/@ChayDenne,1,1,174,2.7,2410000,Man Transforms School Bus into 2-Story Dream Home on Wheels | @ChayDenne,2025-07-04
tatsujinstyle,https://www.youtube.com/@tatsujinstyle,1,1,160,1.6,1090,Man makes a very beautiful dragon ornament from glass | from start to finish by @tatsujinstyle,2026-07-22
DağKöyü,https://www.youtube.com/@DağKöyü,1,1,153,0.2,49500,"Man Builds a Cabin Alone With Hand Tools | Start to Finish, No Talking by @DağKöyü",2026-07-27
Lesnoy_Duyen,https://www.youtube.com/@Lesnoy_Duyen,1,2,141,8.8,72700,"How a ""Forest Girl"" Builds a Bamboo Treehouse on a Giant Tree—All by Herself | by  @Lesnoy_Duyen",2025-10-14
HOMEMADE,https://www.youtube.com/@HOMEMADE,1,1,140,1.4,139,From Raw Steel to Off-Road Beast | Cheetah Buggy Build @HOMEMADE MADNESS,2026-06-14
restorationstools6447,https://www.youtube.com/@restorationstools6447,1,1,135,2.4,268000,Reviving a Forgotten Suzuki Truck After 20 Years! | @restorationstools6447,2025-07-15
phungthienthanh8868,https://www.youtube.com/@phungthienthanh8868,1,1,129,2.3,,Girl Restores an Abandoned Car from Scratch! 🔨 | @phungthienthanh8868,2025-07-16
TieuVyBuilding,https://www.youtube.com/@TieuVyBuilding,1,1,128,0.4,13500,FULL TIMELAPSE: Solo Woman Builds an Off-Grid Mountain Cabin From Scratch @TieuVyBuilding,2026-04-11
CyprienAdventures,https://www.youtube.com/@CyprienAdventures,1,1,119,0.1,2930000,100 Days Building a Tiny House with a Beautiful Koi Pond | By @CyprienAdventures,2026-03-14
mmbridgeco.ltd.3002,https://www.youtube.com/@mmbridgeco.ltd.3002,1,1,106,1.1,3080,The Crazy Process of Building Japan's Giant Bridge | From Start to Finish by @mmbridgeco.ltd.3002,2026-07-27
NLOG_Leather,https://www.youtube.com/@NLOG_Leather,1,1,96,0.9,2140,Man Makes a Handmade Leather Shoulder Bag | From Start to Finish by @NLOG_Leather,2026-07-26
ARKSurvivaleveloved-cc2tw,https://www.youtube.com/@ARKSurvivaleveloved-cc2tw,1,1,95,1.7,24600,Back to Clean After Years of Neglect! | @ARKSurvivaleveloved-cc2tw,2025-07-20
Lesnon,https://www.youtube.com/@Lesnon,1,1,90,0.9,2,Man Built a House in the Wilderness Using ONLY Free Pallets — 129 Days DIY| By @Lesnon,2026-04-01
skbushcraft,https://www.youtube.com/@skbushcraft,1,1,90,0.1,94600,From Tree to Home | Creative Bushcraft Skills in Action | Wooden Shelter design by @skbushcraft,2025-06-26
DennisKoburge,https://www.youtube.com/@DennisKoburge,1,1,83,0.0,,Couple Builds Their Dream Home Inside a Truck 🚛❤️ ‪(by @DennisKoburge‬r),2025-09-14
kandowild,https://www.youtube.com/@kandowild,1,1,79,2.5,11000,He Turns a Huge Water Tank Into a Stunning Home! | From Start to Finish by @kandowild,2026-05-23
WOODRESINStudio1,https://www.youtube.com/@WOODRESINStudio1,1,1,77,0.8,5960,Man is cutting wood to make a beach-themed table at sunset using resin art by ⁨@WOODRESINStudio1,2026-08-05
SmoothGefixt,https://www.youtube.com/@SmoothGefixt,1,1,75,2.1,266000,Man Builds a Traditional Roundhouse in the Wild | 60 Days of Survival @SmoothGefixt,2026-08-03
PerkinsBuilderBrothers,https://www.youtube.com/@PerkinsBuilderBrothers,1,1,72,1.4,1170000,Extraordinary! This man built a house on a mountain By @PerkinsBuilderBrothers,2024-11-22
FarmGirlDaily,https://www.youtube.com/@FarmGirlDaily,1,1,68,3.2,5560,Building a Traditional Outdoor Kitchen & Red Tile Stove | by @FarmGirlDaily,2026-08-11
DrewBuildsStuff,https://www.youtube.com/@DrewBuildsStuff,1,1,66,4.3,1950000,Turning a Japanese Mini Truck into a 400lb Tiny Home | by@DrewBuildsStuff,2026-07-10
life.uncontained,https://www.youtube.com/@life.uncontained,1,1,64,1.3,1540000,Pria ini membangun rumah dari kontainer dan di bantu oleh istrinya By @life.uncontained,2024-11-13
tieulinhrepair,https://www.youtube.com/@tieulinhrepair,1,1,64,1.1,22100,A girl brings an old car back to life! | @tieulinhrepair,2025-09-11
DeRusterGarage,https://www.youtube.com/@DeRusterGarage,1,1,56,1.0,266000,From Rust to Glory! 🔧✨ | Restoring the Classic BMW E28 @DeRusterGarage,2025-10-30
nnkhmisc,https://www.youtube.com/@nnkhmisc,1,1,53,1.0,37800,Man Restores an Abandoned Old Boat Into Like-New Condition | Start to Finish by @nnkhmisc,2026-05-29
SimonFordman,https://www.youtube.com/@SimonFordman,1,1,51,4.6,541000,50 Years of Rust: Reviving a Fire-Damaged 1971 Chevelle | by @SimonFordman,2026-07-26
Girl,https://www.youtube.com/@Girl,1,1,51,0.5,162,Restoring a Forgotten Machine: The Bus Revival Project | Created by @Girl Mechanical,2026-04-03
gesithasgewissa,https://www.youtube.com/@gesithasgewissa,1,1,49,1.0,126000,Zero Modern Tools: Building a Medieval Wattle & Daub Roundhouse | by @gesithasgewissa,2026-07-31
KENAN,https://www.youtube.com/@KENAN,1,1,49,0.1,113,From Scrap Bus to Dream House – A Free Man’s Journey | Start to Finish by @KENAN ÇINAR,2025-10-18
AutoFinesseDetailing,https://www.youtube.com/@AutoFinesseDetailing,1,1,47,0.8,250000,Dream Car BMW M3 E36 Classic 🔥⚔️ | @AutoFinesseDetailing,2025-10-31
YachtCityLife,https://www.youtube.com/@YachtCityLife,1,1,43,1.3,26400,Abandoned Boat Becomes a $3 Million Luxury Yacht! | From Start to Finish by @YachtCityLife,2026-06-14
Polissya,https://www.youtube.com/@Polissya,1,1,43,0.4,,A Man Built a Secret Shelter Under a Giant Birch Root – The Result Is Amazing @Polissya Bushcraftf,2026-07-04
Mechanicalskils,https://www.youtube.com/@Mechanicalskils,1,1,43,0.8,371000,Rubber Recycling in India 🔥 Hard Work with Human Efforts Only! | @Mechanicalskils,2025-09-07
CantContainUs,https://www.youtube.com/@CantContainUs,1,1,41,0.8,108000,Pria Ini Membangun Rumah dari Kontainer Tanpa Pengalaman By @CantContainUs,2024-11-20
emilyaisling,https://www.youtube.com/@emilyaisling,1,1,41,0.7,74100,A Girl Builds Her Dream Cabin in the Forest! 🌲🔥 | @emilyaisling,2025-07-25
European_hometeading,https://www.youtube.com/@European_hometeading,1,1,40,0.1,,Renovating a house over 70 years old into a wonderful home.| @European_hometeading,2026-07-17
Ruslan,https://www.youtube.com/@Ruslan,1,1,40,0.4,46,How to Build Your Dream Underground House in 1.5 Years – Step by Step | by @Ruslan in the Woods,2026-04-09
ZoomInProcess,https://www.youtube.com/@ZoomInProcess,1,1,36,0.1,65700,Building a Stunning Wooden House from Scratch | Off-Grid Full Build .@ZoomInProcess​,2026-03-16
bywoodman,https://www.youtube.com/@bywoodman,1,1,35,2.2,2230,A 900-day journey to build a fully equipped wooden house for a large family. by @bywoodman,2026-06-15
ConstructiiInDetaliu,https://www.youtube.com/@ConstructiiInDetaliu,1,1,34,1.0,44500,Building a Modern Dream House from Scratch in Just 60 Days |  by @ConstructiiInDetaliu,2026-07-15
TheRestorer,https://www.youtube.com/@TheRestorer,1,1,33,0.6,363000,Cleaning Old Knives in an Incredible Way! 🔪 | @TheRestorer,2025-07-21
Clean,https://www.youtube.com/@Clean,1,1,33,0.3,,Two Brothers Transformed an Overgrown Abandoned Villa | By @Clean The Old House,2026-04-16
alexbushcraftmy,https://www.youtube.com/@alexbushcraftmy,1,1,30,1.0,,Man Digs and Transforms a Mountain into A SECRETE BUNKER By ‪@alexbushcraftmy,2024-10-16
sethcraftshop,https://www.youtube.com/@sethcraftshop,1,1,30,0.9,27300,This Man Recycled Old Tires Into a Stunning Off Grid Wooden House All by Himself! @sethcraftshop,2026-04-09
modustrial,https://www.youtube.com/@modustrial,1,1,29,0.5,996000,Man Builds Total Concrete DIY 2026 | Start to Finish by @modustrial,2026-03-23
Çelik_Ev_İskender_Usta,https://www.youtube.com/@Çelik_Ev_İskender_Usta,1,1,29,0.9,20000,He Constructs a Stunning Steel House From Zero! | From Start to Finish by @Çelik_Ev_İskender_Usta,2026-05-06
Tran-Chien,https://www.youtube.com/@Tran-Chien,1,1,29,1.1,1490000,Homemade Mini Hydroelectric Power Plant@Tran-Chien,2026-02-09
BuiltintheUSA,https://www.youtube.com/@BuiltintheUSA,1,1,28,0.5,17500,Inside Toyota’s Factory Building the World’s Most Powerful and Luxurious Cars 🚗🔥 | @BuiltintheUSA,2025-11-05
TanSoLoSurvival,https://www.youtube.com/@TanSoLoSurvival,1,1,27,2.2,43300,Solo Survival: Building a Rainproof Floating Bamboo Shelter | by @TanSoLoSurvival,2026-07-30
Tinspaces,https://www.youtube.com/@Tinspaces,1,1,27,0.8,4180,Man Builds a Luxury Hotel With Terrace From Two Containers! | From Start to Finish by @Tinspaces,2026-05-20
wtcreative,https://www.youtube.com/@wtcreative,1,1,24,0.8,58400,Scrap Car From a Stream Turned Into an Electric Go-Kart! | From Start to Finish by @wtcreative,2026-05-19
theminiarchitect,https://www.youtube.com/@theminiarchitect,1,1,23,1.1,122000,Man Builds Luxury Mansion with Mini Bricks - Start to Finish by @theminiarchitect￼,2025-02-28
AmbitionStrikes1.On.T.elegram,https://www.youtube.com/@AmbitionStrikes1.On.T.elegram,1,1,21,1.4,0,Turning a Cold Steel Box Into a Custom Floating Home | by @AmbitionStrikes1.On.T.elegram,2026-07-14
ATHOSOutdoorProspector,https://www.youtube.com/@ATHOSOutdoorProspector,1,1,20,0.5,1000000,Hidden Forest House | Bushcraft Survival Shelter|By@ATHOSOutdoorProspector,2026-04-05
QuantamTech,https://www.youtube.com/@QuantamTech,1,3,20,0.9,24,Two Brothers Build Amazing Log Cabin Off Grid From Scratch - by @QuantamTech,2025-03-23
Triệu_Phong_tv,https://www.youtube.com/@Triệu_Phong_tv,1,1,19,0.4,20600,Young Man Rebuilds A Completely New Bamboo House | From Start To Finish by@Triệu_Phong_tv ,2025-11-15
Ferincishin,https://www.youtube.com/@Ferincishin,1,1,19,1.0,,Epic CABIN Build Deep in the Remote FOREST | From Start to Finish by @Ferincishin​,2025-04-20
BordeauxLife,https://www.youtube.com/@BordeauxLife,1,1,18,0.4,183000,Keluarga Beranggota 4 Orang Membangun Kolam Renang @BordeauxLife,2024-11-25
BUSHCRAFT72H,https://www.youtube.com/@BUSHCRAFT72H,1,1,18,0.6,4210,Man Builds a Secret Shelter in a Ravine No Animal Can Reach! | From Start to Finish by @BUSHCRAFT72H,2026-05-09
restorationUphone,https://www.youtube.com/@restorationUphone,1,1,18,1.6,754000,Restoring a Rusted Mercedes S600 from a Bare Frame | by @restorationUphone,2026-08-04
Camtrairuwnggia,https://www.youtube.com/@Camtrairuwnggia,1,1,17,0.2,341,Man Builds Bamboo Bushcraft in the Forest | Start to Finish by @Camtrairuwnggia,2026-04-28
PetaVillage,https://www.youtube.com/@PetaVillage,1,1,15,1.0,,Building a Sturdy Stone Shelter | Bushcraft Warm Shelter | Start to Finsh By @PetaVillage,2024-12-07
jmuller86,https://www.youtube.com/@jmuller86,1,1,15,1.0,211000,Can One Man Finish an A-Frame Cabin Before Winter | by @jmuller86,2026-07-22
AsbjornOlsenBerg,https://www.youtube.com/@AsbjornOlsenBerg,1,1,15,1.0,,The Ultimate ASMR Dugout: Building My Best Hideout Yet in the Wild Forest | By @AsbjornOlsenBerg,2024-12-18
AYACAMPING,https://www.youtube.com/@AYACAMPING,1,1,14,1.2,478000,Building a Warm Dual-Tent Shelter in Heavy Rain | by @AYACAMPING,2026-07-05
Rusty,https://www.youtube.com/@Rusty,1,1,14,0.9,156000,From Rust to Glory: Restoring a Vintage Machine Gun | by @Rusty Restore,2024-11-18
TAOutdoors,https://www.youtube.com/@TAOutdoors,1,1,13,1.9,2490000,Building a Rustic Medieval Shelter  10 Day Bushcraft Cabin @TAOutdoors,2025-02-13
ArtSport,https://www.youtube.com/@ArtSport,1,1,13,0.9,5380,Building a Stunning A-Frame House on a Riverside Beach | Start To Flish By @ArtSport,2024-12-16
alaskacabinadventures,https://www.youtube.com/@alaskacabinadventures,1,1,12,1.3,435000,Three Years Alone: Building and Living in a Remote Wilderness Cabin | by @alaskacabinadventures,2026-06-17
UnderwoodHomes,https://www.youtube.com/@UnderwoodHomes,1,1,11,0.3,5350,Man Builds a Luxury Villa in the Wilderness in 18 Months! | From Start to Finish by @UnderwoodHomes,2026-05-04
GordeevaHike,https://www.youtube.com/@GordeevaHike,1,1,11,1.6,121000,Solo Woman Builds a Survival Hut in the Wilderness @GordeevaHike,2025-02-15
TheMaineWoods,https://www.youtube.com/@TheMaineWoods,1,1,11,1.5,65700,Saving a Rotting Off-Grid Cabin from Collapsing | by @TheMaineWoods,2026-07-26
FarisandLisa,https://www.youtube.com/@FarisandLisa,1,1,11,0.8,47200,Couple Transforms Land Into Modern Barn House | @FarisandLisa,2025-12-11
Bushradical,https://www.youtube.com/@Bushradical,1,1,9,0.6,1190000,Building an Off-Grid Cabin in the Wild Woods | Start To Flish By @Bushradical,2024-12-14
Life-in-Wild1,https://www.youtube.com/@Life-in-Wild1,1,1,9,0.6,602000,Surviving and Building a Secret Cabin in the Woods | by @Life-in-Wild1,2026-06-17
apaodailylife,https://www.youtube.com/@apaodailylife,1,1,9,0.9,7760,From Empty Forest to Fire-Lit Stone Cabin by Hand | by @apaodailylife,2026-06-20
CampfireStories-d3t,https://www.youtube.com/@CampfireStories-d3t,1,1,8,0.2,,Man Builds Secret Shelter Carved Into the Hillside | Start to Finish by @CampfireStories-d3t,2025-11-28
yangsurvival,https://www.youtube.com/@yangsurvival,1,1,7,1.4,344000,A Young Woman Builds a Stunning Bamboo House | Start to Finish by @yangsurvival,2025-08-25
RedRustRestoration,https://www.youtube.com/@RedRustRestoration,1,1,6,0.9,26800,Reviving Classic Kerosene Stoves – From Rust to Radiance @RedRustRestoration,2025-02-19
lambinhTuoitre,https://www.youtube.com/@lambinhTuoitre,1,1,6,0.4,60000,1000-Year Tree Hollowed! Handmade Invisible Shelter | by @lambinhTuoitre,2026-04-24
Hadioutdooradventures,https://www.youtube.com/@Hadioutdooradventures,1,1,4,0.3,1770,Facing Nature's Fury: Building a Stone Wall to Brave the Wild Alone | By @Hadioutdooradventures,2024-12-11
amazingthingtechnology1595,https://www.youtube.com/@amazingthingtechnology1595,1,1,4,0.8,376000,INSANE Aluminum Recycling — Watch Scrap Metal Turn Into Massive Pots!@amazingthingtechnology1595,2025-10-13
ibuilding7,https://www.youtube.com/@ibuilding7,1,1,3,0.2,10500,"How to build a traditional, inexpensive wooden house from start to finish by @ibuilding7",2026-06-18
MattJordanWoodturning,https://www.youtube.com/@MattJordanWoodturning,1,1,2,0.3,1280000,The Secret Art of Woodturning – Transforming Raw Wood into Masterpieces @MattJordanWoodturning,2025-02-26
MOUNTAINLIFESTYLE,https://www.youtube.com/@MOUNTAINLIFESTYLE,1,1,0,0.0,967,30 Days Building a Stunning Wooden House Under a Giant Tree | by @MOUNTAINLIFESTYLE,2026-06-24
thanhtrieutv6231,https://www.youtube.com/@thanhtrieutv6231,1,1,0,0.0,876000,3 Years Alone: Building an Off-Grid Jungle Cabin & Hydropower | by @thanhtrieutv6231,2026-07-22
AHeartLikeDavids,https://www.youtube.com/@AHeartLikeDavids,1,1,0,0.0,1590,From Deep Snow to a Permanent Stone Hearth | by @AHeartLikeDavids,2026-07-30
StudPack,https://www.youtube.com/@StudPack,1,1,0,0.0,801000,Transforming a Muddy Lot into a High-End Home | by @StudPack,2026-08-07
Primitivesurvivalcraft,https://www.youtube.com/@Primitivesurvivalcraft,1,1,0,0.0,17600,Carving a Permanent Cliff House From Solid Red Clay | by @Primitivesurvivalcraft,2026-08-04
