confianza,similitud,palabras_genericas,VIDEO_SIN_CREDITO_titulo,VIDEO_SIN_CREDITO_canal,VIDEO_SIN_CREDITO_url,perpetuidad,views,dias,CREADOR_INFERIDO,REFERENCIA_que_si_acredita_titulo,REFERENCIA_canal,palabras_en_comun
ALTA,1.0,,Man Builds Incredible DIY Wood Cabin in the Woods Start to Finish,Build Maker,https://www.youtube.com/watch?v=oZS7oTemT_E,11985386,8692182,346,@DmitryLukinDIY,Man Builds Amazing DIY Wood Cabin in the Woods Start to Finish by@DmitryLukinDIY,99Techspot,"cabin, wood, woods"
ALTA,1.0,,Army Family Builds Their Dream Home,10 Royal Tech,https://www.youtube.com/watch?v=yi0iNPW4YOw,4366777,2947838,278,@LetsBuildAHouse,Army Couple Builds Dream Home from Scratch | Complete Build Timelapse by @LetsBuildAHouse‬,99Techspot,"army, dream, home"
ALTA,1.0,,Man Builds MASSIVE Floating Bamboo ISLAND | From Start to Finish ,Quantum Build Studio,https://www.youtube.com/watch?v=yFrm_9m4MKQ,1797154,1335294,374,@AsianBushcraftHomie,Man Builds a MASSIVE Floating Bamboo Island from Scratch | Full Build by @AsianBushcraftHomie,Mr.RESTORIX,"bamboo, floating, island, massive"
ALTA,1.0,,Couple Builds an Incredible Off-Grid Log Cabin Deep in the Forest Over 2 Years,Built Marvels,https://www.youtube.com/watch?v=9r-fFsfC_HM,906506,154522,15,@NickandMaëla,Couple Builds Incredible Off-Grid Log Cabin in Deep Forest - Start to Finish @NickandMaëla,Pro Build Master,"cabin, deep, forest, grid, log, off"
ALTA,1.0,,"Man Spent 2 Years Turning an Old Horse Stable Into His Dream Home Saved $50,000 | Start to Finish",World Build,https://www.youtube.com/watch?v=kV-Azi80BXU,895441,252144,38,@Bochi-Hut,A 90-Year-Old Man Spent 5 Years Building His Dream Home @Bochi-Hut,BRAIN TIME VT,"dream, home, spent"
ALTA,1.0,SÍ — revisar,Man Builds Cozy Log Cabin with Chimney in the Forest | Start to Finish,Maker World,https://www.youtube.com/watch?v=rNajENmlA6Y,644546,455912,320,@WoodsandWondersCabin,Woman Builds a Beautiful Log Cabin in the Forest | Start to Finish @WoodsandWondersCabin,BRAIN TIME VT,"cabin, forest, log"
ALTA,1.0,,This Man is Turning a Scrap Shipping Containers into a LUXURY HOME!,10 Royal Tech,https://www.youtube.com/watch?v=vMhCFVlPHYg,555609,320224,180,@JulienMalara,Man Builds DIY Luxury Home from 4 Shipping Containers | Full Build @JulienMalara​,TechFreeze,"containers, home, luxury, shipping"
ALTA,1.0,,The Future of Building Is Here — Mind Blowing CONSTRUCTION Technologies You Must See,Lord Gizmo,https://www.youtube.com/watch?v=YICbbxOn1KI,490918,312519,235,@structuredbuildandliftsyst1396,CONSTRUCTION TECHNOLOGIES YOU MUST SEE,KLIFS TECH,"construction, must, technologies"
ALTA,1.0,,EXTREME Forestry Machines You Need To See | Powerful Machines That Are At Another Level,Lord Gizmo,https://www.youtube.com/watch?v=KcV9BkkyT9Q,488821,479159,1148,@morosindustriashidraulicas,Powerful Machines that are on Another Level▶2,TechFreeze,"another, level, machines, powerful"
ALTA,1.0,,Crazy Powerful MACHINES And Innovative Technologies That Are On Another Level,Lord Gizmo,https://www.youtube.com/watch?v=PmY2BEBcl2w,462775,460910,1250,@morosindustriashidraulicas,Powerful Machines that are on Another Level▶2,TechFreeze,"another, level, machines, powerful"
ALTA,1.0,,This Man Spent 7 Years Building His Dream Log Cabin - Full Build by nikrijavec47,The Builders World,https://www.youtube.com/watch?v=Wdj4Mkhec4g,274077,100355,64,@FinnishPlayground,Man Spent 7 Years Building His Family's DREAM Log Cabin | Start to Finish by @FinnishPlayground,World Build,"cabin, dream, log, spent"
ALTA,1.0,,CRAZY Powerful And Impressive Machines Operating At An Insane Level,Lord Gizmo,https://www.youtube.com/watch?v=0dflQzcRbgE,272852,264505,1084,@belstonefence3442,Amazing Machines Operating at an INSANE LEVEL ▶3,TechFreeze,"insane, level, machines, operating"
ALTA,1.0,,Family build their off-grid cabin in Alaska amidst a snowstorm |,Maker World,https://www.youtube.com/watch?v=XRtxjNNvgtw,271299,178500,258,@northtoalaska2022,The couple is building their off-grid cabin in Alaska amidst a snowstorm | @northtoalaska2022,MrS,"alaska, amidst, cabin, grid, off, snowstorm"
ALTA,1.0,,This Couple Built an Incredible Container Home with No Experience,TECH REVIEWS,https://www.youtube.com/watch?v=ubvumDA7c5g,263059,66551,31,@BuildStudioHQ,Couple Builds SHIPPING CONTAINER HOME With No Experience | by @BuildStudioHQ,Quantum Builders,"container, experience, home"
ALTA,1.0,,Jaw-Dropping CRAZY Powerful Machines and Heavy-Duty Equipment That Are on Another Level,Lord Gizmo,https://www.youtube.com/watch?v=9ARZuFVY34I,262887,244243,882,@morosindustriashidraulicas,Powerful Machines that are on Another Level▶2,TechFreeze,"another, level, machines, powerful"
ALTA,1.0,,Most Unusual Vehicles,99Techspot,https://www.youtube.com/watch?v=5AT41WsmDbI,216851,216851,1377,@1BillionTech,Most Unusual Vehicles,22TechZoom,"most, unusual, vehicles"
ALTA,1.0,SÍ — revisar,Old Man Built a Giant Log House in the Forest with a Hidden 2-Bedroom Basement in 2 Years,World Build,https://www.youtube.com/watch?v=ry3FoNcbBzo,212806,55650,33,@КарельскийДилетант,Man Build a Log House in the Forest | Start to Finish by @КарельскийДилетант,B P C,"forest, house, log"
ALTA,1.0,,He Built A Massive Wooden Mansion In The Mountains Using Only Traditional Joinery,KLIFS TECH,https://www.youtube.com/watch?v=lp9ITPwwO-w,208439,166133,475,@Carpenter_AnXu,Man Builds a Stunning Wooden Mansion in the Mountains Alone | Start to Finish by @Carpenter_AnXu,TechTalks,"mansion, mountains, wooden"
ALTA,1.0,,A man transforms his backyard into a stunning swimming pool in under 60 days by| Eric Le Carreleur,Rebuilding HD,https://www.youtube.com/watch?v=oJEYu9O0iYg,171904,79871,107,@rlcmaker,Man Builds Amazing SWIMMING POOL in His Backyard - Start to Finish by @rlcmaker,Quantam Tech HD,"backyard, pool, swimming"
ALTA,1.0,,MILITARY TECHNOLOGIES THAT ARE ON ANOTHER LEVEL,99Techspot,https://www.youtube.com/watch?v=KNZFSDcrwcc,144279,136148,949,@elbitsystems,Modern Military Technologies That Are At Another Level ▶2,TechFreeze,"another, level, military, technologies"
ALTA,1.0,,He Transforms an Old Bus into Luxury Mobile Home in 1 Week. Full Transformation Process,KLIFS TECH,https://www.youtube.com/watch?v=lN33Qqs6v4Y,124126,92226,374,@enancinar,Man Transforms Old Bus into Luxury Mobile Home | Start to Finish by @enancinar,Makerium,"bus, home, luxury, mobile, transforms"
ALTA,1.0,,Modern POWERFUL Agriculture Machines That Are At Another Level,Lord Gizmo,https://www.youtube.com/watch?v=2te-9_M0W_Q,121399,120018,1201,@nexat_agriculture,Modern Agriculture Machines That Are On Another Level,KLIFS TECH,"agriculture, another, level, machines, modern"
ALTA,1.0,SÍ — revisar,Man Builds an Incredible Log Cabin Alone in the Forest | DIY Log Cabin | Full Start to Finish,Rustic Roots Build,https://www.youtube.com/watch?v=ZPLIegTxy80,109752,34474,47,@bjornbrenton,This man built a massive log cabin in the forest with his own hands in just one year! @bjornbrenton,Machine stage,"cabin, forest, log"
ALTA,1.0,,Man Builds Dream Log Cabin in the Wilderness | From Start to Finish,Smart Fox,https://www.youtube.com/watch?v=n0558p_Rn0c,107582,84226,446,@TheOutsiderCabin,Father & Son Build their Dream Log Cabin in the Canadian Wilderness @TheOutsiderCabin @QuantumMakers,TimberLab,"cabin, dream, log, wilderness"
ALTA,1.0,,Man Survives Alone in Wilderness – Building a Stone and Wood Cabin,Farm Tastic,https://www.youtube.com/watch?v=zhBZ0lIilg0,91918,72868,466,@Lesnoy_Craft,He Built a Stone Cabin Alone in the Wilderness Start to Finish | (by @Lesnoy_Craft),TTI Build Stories ,"cabin, stone, wilderness"
ALTA,1.0,,Man Builds Incredible Underground Log Cabin in the Forest | Start to Finish,Quantum Build Studio,https://www.youtube.com/watch?v=rl5KBHqdHXs,89661,62900,312,@bushcraftua1,Man Built an UNDERGROUND Log Cabin: Start to Finish by @bushcraftua1,SmartTechZone,"cabin, log, underground"
ALTA,1.0,,Cool And Powerful Agriculture Machines That Are At Another Level,Lord Gizmo,https://www.youtube.com/watch?v=nDqGkHGh39c,84571,83118,1164,@morosindustriashidraulicas,Powerful Machines that are on Another Level▶2,TechFreeze,"another, level, machines, powerful"
ALTA,1.0,,Build the cheapest wooden house in 5 days | Complete construction process,Cabin Maker,https://www.youtube.com/watch?v=FJHGKKms5CE,81802,12884,13,@LifeontheMoose,Man Builds The Cheapest Wooden House In Just 10 Days  Full Construction Process @LifeontheMoose,Woodworking TV,"cheapest, construction, house, wooden"
ALTA,1.0,,Innovative Construction Technologies That Have Reached A New Level,Lord Gizmo,https://www.youtube.com/watch?v=0McXZ0b0S2A,78833,63522,494,@liteform,CONSTRUCTION TECHNOLOGIES THAT HAVE REACHED A NEW LEVEL,KLIFS TECH,"construction, have, level, reached, technologies"
ALTA,1.0,,He Built An Unbreakable A-Frame Log Cabin Alone In The Wilderness: Full Build Journey,KLIFS TECH,https://www.youtube.com/watch?v=U0mRGYb2_sk,71624,59270,545,@lifeinthesiberianforest1,Man Building a Log Cabin in the Wilderness — Full Process @lifeinthesiberianforest1,BRAIN TIME VT,"cabin, log, wilderness"
ALTA,1.0,,He Builds a Luxury Tiny Home on Wheels. Full Construction Process,KLIFS TECH,https://www.youtube.com/watch?v=_8RkhzhQ-I8,70951,50588,328,@buildersblueprint,Man Builds Luxury Tiny Home on Wheels | Start to Finish Build by @buildersblueprint,TechFreeze,"home, luxury, tiny, wheels"
ALTA,1.0,,MILITARY ARMORED VEHICLES,10 Royal Tech,https://www.youtube.com/watch?v=NTY_K0AKIMY,66320,49154,371,@dalmaspoldajambi,MILITARY ARMORED VEHICLES THAT HAVE REACHED A NEW LEVEL,KLIFS TECH,"armored, military, vehicles"
ALTA,1.0,SÍ — revisar,Man Builds an Amazing DIY Wood Cabin Deep in the Forest | Full Start to Finish,Build Maker,https://www.youtube.com/watch?v=BMXgtIx3xZU,65509,39231,199,@andersboisentinyhouse,Man Builds Beautiful DIY Wood Cabin in the Forest - Start to Finish Build @andersboisentinyhouse,Pro Build Master,"cabin, forest, wood"
ALTA,1.0,SÍ — revisar,The girl built her dream house in the forest,HITECH,https://www.youtube.com/watch?v=MXiMts7KGrI,62339,22476,62,@BushcraftIdeas-e9q,I Build My DREAM House in the Forest in 90 Days From Start to Finish @BushcraftIdeas-e9q,TechTalks,"dream, forest, house"
ALTA,1.0,,coolest all terrain vehicles,22TechZoom,https://www.youtube.com/watch?v=nlKH9oyISPI,57627,52574,812,@SHERPATV,COOLEST AMPHIBIOUS ALL-TERRAIN VEHICLES YOU MUST SEE,Maexology,"all, coolest, terrain, vehicles"
ALTA,1.0,,How He Built A Secret Underground Cabin Hidden In The Forest | Full DIY Survival Build,KLIFS TECH,https://www.youtube.com/watch?v=w71r0EKYU0w,41644,35455,608,@PolissyaBushcraft,Hidden Cabin: He Built This Alone in the Forest@PolissyaBushcraft,Hidden Cabin ,"cabin, forest, hidden"
ALTA,1.0,,Man Builds Stunning Off-Grid Wooden Cabin Deep in the Forest | From Start to Finish,Maker World,https://www.youtube.com/watch?v=bmGLPKuAx5I,41027,26508,245,@OneFootOfftheGrid,Couple Builds OFF-GRID Luxury Wooden Cabin Deep in the Forest |Start to Finish@OneFootOfftheGrid ​,Build Maker,"cabin, deep, forest, grid, off, wooden"
ALTA,1.0,,Military Technologies That Are On Another Level,99Techspot,https://www.youtube.com/watch?v=OlxASnfpbsU,37633,33461,726,@elbitsystems,Modern Military Technologies That Are At Another Level ▶2,TechFreeze,"another, level, military, technologies"
ALTA,1.0,,Man Turns a MASSIVE Log Into a Beautiful Canoe!,Lord Gizmo,https://www.youtube.com/watch?v=gQqL-cVFtrA,36161,32871,799,@OutbackMike,This Man Turns Massive Log into Stunning CANOE @OutbackMike,Cortexa TV,"canoe, log, massive, turns"
ALTA,1.0,,✅🔰 Ingenious Construction Workers with Skills You Must See,TTI Build Stories ,https://www.youtube.com/watch?v=e2HR8TaUFxw,33356,33356,2132,@sultanoffdecor,Ingenious Construction Workers with Skills You Must See ▶5,TechFreeze,"construction, ingenious, must, skills, workers"
ALTA,1.0,,Mega Harvesting & Planting Machines   Modern Agriculture Machines Entirely On Another Level,Lord Gizmo,https://www.youtube.com/watch?v=wL_TAOXkG3M,31317,30966,1202,@nexat_agriculture,Modern Agriculture Machines That Are On Another Level,KLIFS TECH,"agriculture, another, level, machines, modern"
ALTA,1.0,,One Man Builds Massive Log Cabin from Scratch | Solo Survival Build,Quantum Build Studio,https://www.youtube.com/watch?v=bWv6pWbyGh0,30917,17933,183,@matt.jacobs1,Man builds log cabin in one year/ start to finish @matt.jacobs1,SwiftBuild,"cabin, log, one"
ALTA,1.0,,"Mind-Blowing, Super Powerful Machines and Heavy-Duty Attachments That Are on Another Level.",Lord Gizmo,https://www.youtube.com/watch?v=2EgnaU2TXnA,30505,28485,903,@morosindustriashidraulicas,Powerful Machines that are on Another Level▶2,TechFreeze,"another, level, machines, powerful"
ALTA,1.0,,He Built A Two-Story Off-Grid Forest Lodge By Hand: Full Build Start To Finish,KLIFS TECH,https://www.youtube.com/watch?v=Yr0yUhbCqOY,30503,25143,537,@TheOffGridExperience,Man Builds 2-Story Lodge in the Forest | Start to Finish by @TheOffGridExperience,Quantum Makers,"forest, lodge, story"
ALTA,1.0,,Off-Grid Duck Farming: Building a Duck House - From Foundation to Finish | From Egg to Table,Innovative Tech World,https://www.youtube.com/watch?v=hqwFBcAo3jc,26402,21708,532,@my_off-grid_story,Couple Builds Amazing Off-Grid House | Start to Finish by @my_off-grid_story,Maexology,"grid, house, off"
ALTA,1.0,,Flood Recovery: Building a Sustainable Home Off the Grid After Devastating Floods,Innovative Tech World,https://www.youtube.com/watch?v=nKZYTwoepng,25230,19478,425,@GrumpyToadCreations,We Built an Off Grid Home in 2 Years | Start to Finish By @GrumpyToadCreations,Cabin Maker,"grid, home, off"
ALTA,1.0,,POWERFUL Soil AND Landfill Compactor Machines That Are On Another Level,Lord Gizmo,https://www.youtube.com/watch?v=r0TqfvXL58o,24696,24350,1184,@morosindustriashidraulicas,Powerful Machines that are on Another Level▶2,TechFreeze,"another, level, machines, powerful"
ALTA,1.0,,"""6 Months Building a Cabin in the Forest"". Off the Grid from Start to Finish",Innovative Tech World,https://www.youtube.com/watch?v=PxhjHzOxBhA,23954,20976,681,@LifeontheMoose,Man Builds OFF-GRID CABIN in the Michigan Forest | Start to Finish by @LifeontheMoose,COLLAB,"cabin, forest, grid, off"
ALTA,1.0,,POWERFUL Agriculture Machines And HARVESTERS That Are On Another Level,Lord Gizmo,https://www.youtube.com/watch?v=CwrowIRyeXo,23732,23440,1195,@morosindustriashidraulicas,Powerful Machines that are on Another Level▶2,TechFreeze,"another, level, machines, powerful"
ALTA,1.0,,Man Builds an Incredible DIY Wooden Cabin in the Forest | Start to Finish,Maker World,https://www.youtube.com/watch?v=_pj32FsV3Fs,23157,14273,215,@WildGnomos,Full Wooden Cabin Build in the Forest | Off-Grid Cabin Construction @WildGnomos @QuantumMakers ,CabinCraft,"cabin, forest, wooden"
ALTA,1.0,,Mind Blowing Construction Technologies You Must See - The Future of Building Is Here,Lord Gizmo,https://www.youtube.com/watch?v=rWMVKQ907jk,22934,13386,186,@structuredbuildandliftsyst1396,CONSTRUCTION TECHNOLOGIES YOU MUST SEE,KLIFS TECH,"construction, must, technologies"
ALTA,1.0,,Horse machine that are on another level. Incredible machines and ingenious tools.,AKLA GELEN,https://www.youtube.com/watch?v=p5MZfysGMBI,21158,21158,1394,@winnidesigns,Ingenious tools that are on another Level ▶1,TechFreeze,"another, ingenious, level, tools"
ALTA,1.0,,Incredible Construction Technologies And Techniques That Have Reached A New Level,Lord Gizmo,https://www.youtube.com/watch?v=jyPaty8R0NU,20336,17013,568,@liteform,CONSTRUCTION TECHNOLOGIES THAT HAVE REACHED A NEW LEVEL,KLIFS TECH,"construction, have, level, reached, technologies"
ALTA,1.0,,Modern And Powerful Agriculture Machines That Are At Another Level,Lord Gizmo,https://www.youtube.com/watch?v=4qUhXLE8ReQ,20100,19774,1170,@nexat_agriculture,Modern Agriculture Machines That Are On Another Level,KLIFS TECH,"agriculture, another, level, machines, modern"
ALTA,1.0,,MOST Impressive And Powerful Mining Machines And Other Equipment That Are On Another Level,Lord Gizmo,https://www.youtube.com/watch?v=YNWxWc1cxlg,19654,19168,1118,@morosindustriashidraulicas,Powerful Machines that are on Another Level▶2,TechFreeze,"another, level, machines, powerful"
ALTA,1.0,,POWERFUL Specialized Machines That Are On Another Level,Lord Gizmo,https://www.youtube.com/watch?v=Q47I3w35Zz0,18088,17888,1203,@morosindustriashidraulicas,Powerful Machines that are on Another Level▶2,TechFreeze,"another, level, machines, powerful"
ALTA,1.0,,Military Technologies That Are On Another Level,99Techspot,https://www.youtube.com/watch?v=5JP1b3Fx9Zs,16362,13644,561,@elbitsystems,Modern Military Technologies That Are At Another Level ▶2,TechFreeze,"another, level, military, technologies"
ALTA,1.0,,Man Builds AMAZING House ALONE in ONLY 500 Days | Start to Finish by,BRAIN TIME VT,https://www.youtube.com/watch?v=LVrhoKYKKc0,15623,8926,176,@DmitryLukinDIY,"He Builts a Huge House Alone With a Few $1,000s in Only 500 Days. By @DmitryLukinDIY",KLIFS TECH,"500, house, only"
ALTA,1.0,,"Man Builds a Magical Underground Hobbit House for Only $2,000 (Lord of the Rings Dwarves)",Renov Master,https://www.youtube.com/watch?v=Jfmttiia0qY,14934,8176,158,@AloshaLynov,"$2,000 Hobbit House Build — Start to Finish Timelapse By @AloshaLynov",TechTalks,"000, hobbit, house"
ALTA,1.0,,SUPER Impressive and Powerful Machines Operating at an INSANE LEVEL,Lord Gizmo,https://www.youtube.com/watch?v=KNy7dGh28WI,14342,14261,1239,@belstonefence3442,Amazing Machines Operating at an INSANE LEVEL ▶3,TechFreeze,"insane, level, machines, operating"
ALTA,1.0,,world's most luxurious cars,22TechZoom,https://www.youtube.com/watch?v=2BEPi3_5dbw,14185,14185,1316,@BuiltintheUSA,Inside Toyota’s Factory Building the World’s Most Powerful and Luxurious Cars 🚗🔥 | @BuiltintheUSA,FixNation,"cars, luxurious, most, world"
ALTA,1.0,,Satisfying POWERFUL Modern Agriculture Machines That Are At Another Level,Lord Gizmo,https://www.youtube.com/watch?v=8d1uFMm9um4,13190,13020,1191,@nexat_agriculture,Modern Agriculture Machines That Are On Another Level,KLIFS TECH,"agriculture, another, level, machines, modern"
ALTA,1.0,SÍ — revisar,48h Alone In The Forest Building A Log Cabin,Innovative Tech World,https://www.youtube.com/watch?v=tj69Jzw3JF8,12169,10848,734,@WoodsandWondersCabin,Woman Builds a Beautiful Log Cabin in the Forest | Start to Finish @WoodsandWondersCabin,BRAIN TIME VT,"cabin, forest, log"
ALTA,1.0,,Man builds a HOUSE Inside a MOUNTAIN | Start to Finish by 小崔农场,Not Fake: fyp,https://www.youtube.com/watch?v=J523JOwuoOk,12165,8068,264,@williamstel,A Man Built a Mini-House Inside a Mountain Slope: Start to Finish by @williamstel ​,CryptoThor,"house, inside, mountain"
ALTA,1.0,,It took me 2 months to build a log cabin in the woods from start to finish.,Innovative Tech World,https://www.youtube.com/watch?v=mBachTDP2xw,11665,8987,422,@WildGnomos,Man Builds Stunning DIY Log Cabin in the Woods | From Start to Finish @WildGnomos,Quantum Build Studio,"cabin, log, woods"
ALTA,1.0,,Man built An Under-Rock Home!,TTI Build Stories ,https://www.youtube.com/watch?v=ivxzfqE0Cso,11569,9171,466,@BushcraftIdeas-e9q,Man Builds Hidden UNDER-ROCK Home in the Jungle | Start to Finish by @BushcraftIdeas-e9q,Quantum Makers,"home, rock, under"
ALTA,1.0,,Military Technologies That Are On Another Level,KLIFS TECH,https://www.youtube.com/watch?v=2_iomQWiIMg,11532,10040,665,@elbitsystems,Modern Military Technologies That Are At Another Level ▶2,TechFreeze,"another, level, military, technologies"
ALTA,1.0,,CRAZY Powerful Wood Splitting Machines On Another Level,Lord Gizmo,https://www.youtube.com/watch?v=2f1rbyFJa-s,11452,11374,1231,@morosindustriashidraulicas,Powerful Machines that are on Another Level▶2,TechFreeze,"another, level, machines, powerful"
ALTA,1.0,,Modern Food Processing Technology And Cool Automatic Machines That Are At Another Level,Lord Gizmo,https://www.youtube.com/watch?v=sPtjoKsXlLE,10940,10658,1112,@sealpacukpartners2747,Modern Food Processing Technology That Are At Another Level,Maexology,"another, food, level, modern, processing, technology"
ALTA,1.0,,They Built This Concrete Modular House in Just 14 Days – Here’s How!,Lord Gizmo,https://www.youtube.com/watch?v=h5nesYAuPm4,10420,7310,312,@WITHPCGLOBAL,The Process of Building a Concrete House in Just 2 Weeks,TechFreeze,"concrete, house, just"
ALTA,1.0,,The Most Impressive Trucks And Trailers You Have To See || Part 2,Lord Gizmo,https://www.youtube.com/watch?v=DhxoRIPnc90,10417,10268,1182,@mobas.ch,Most INCREDIBLE Trucks You HAVE to See,Gear Tech HD,"have, most, trucks"
ALTA,1.0,,MOST UNUSUAL VEHICLES,99Techspot,https://www.youtube.com/watch?v=qQqWXzHOtMk,10371,9464,813,@1BillionTech,Most Unusual Vehicles,22TechZoom,"most, unusual, vehicles"
ALTA,1.0,,From Foundation to Finish: Tiny Home for Off-Grid Living,Innovative Tech World,https://www.youtube.com/watch?v=HK2enAqJUS4,10188,8191,490,@GrumpyToadCreations,We Built an Off Grid Home in 2 Years | Start to Finish By @GrumpyToadCreations,Cabin Maker,"grid, home, off"
ALTA,1.0,,"He Built A Forest Cabin From Stones And Logs With Just Hand Tools – No Power, No Crew",KLIFS TECH,https://www.youtube.com/watch?v=-OxF5l6LhIw,9505,7598,480,@bogdanintheforest4382,Man Builds CABIN with STONES and LOGS in the Forest | by @bogdanintheforest4382 ​,Quantum Makers,"cabin, forest, logs, stones"
ALTA,1.0,,Man Builds Incredible DIY Wood Cabin in the Woods,10 Royal Tech,https://www.youtube.com/watch?v=Q8uEmrAMG2M,9313,6119,257,@DmitryLukinDIY,Man Builds Amazing DIY Wood Cabin in the Woods Start to Finish by @DmitryLukinDIY,Build Maker,"cabin, wood, woods"
ALTA,1.0,,Building a Hidden Vine Tree House Above a Jungle Stream | Rainforest Survival Shelter,Clean & Restore Tech,https://www.youtube.com/watch?v=-MCYlWF-Hp0,9107,3955,92,@norusarubushcraft,Man Builds Survival Shelter In The Rainforest | From Start to Finish by  @norusarubushcraft,Maexology,"rainforest, shelter, survival"
ALTA,1.0,,ALL TERRAIN VEHICLES YOU MUST SEE,Techglobal ,https://www.youtube.com/watch?v=uIV1FC85syE,9017,6672,369,@SHERPATV,COOLEST AMPHIBIOUS ALL-TERRAIN VEHICLES YOU MUST SEE,Maexology,"all, must, terrain, vehicles"
ALTA,1.0,,Innovative Construction Technologies That You Should Know About,Lord Gizmo,https://www.youtube.com/watch?v=Z03uMDPqIkY,8637,8572,1226,@GrippleTV,INCREDIBLE CONSTRUCTION TECHNOLOGIES YOU SHOULD SEE,KLIFS TECH,"construction, should, technologies"
ALTA,1.0,,Jaw-Dropping SUPER Powerful Machines and Heavy Duty Attachments That Are On Another Level!,Lord Gizmo,https://www.youtube.com/watch?v=EO4QRZPYPyE,8428,7597,770,@morosindustriashidraulicas,Powerful Machines that are on Another Level▶2,TechFreeze,"another, level, machines, powerful"
ALTA,1.0,,Amazing All-Terrain Vehicles That Are on Another Level,FuturisticTech,https://www.youtube.com/watch?v=e5G8ZytaupY,8126,7011,641,@RUSSIAN.ATV.PLASTUN,ALL-TERRAIN VEHICLES THAT ARE ON ANOTHER LEVEL,KLIFS TECH,"all, another, level, terrain, vehicles"
ALTA,1.0,,Construction Workers Can't Believe This Technique Works - Most Ingenious Construction Technologies,Lord Gizmo,https://www.youtube.com/watch?v=JXEuCoPUntM,8073,5675,314,@creativelyunited,Construction Workers Can't Believe This Technique Works - Most Ingenious Construction Technologies▶4,AKLA GELEN,"believe, can, construction, ingenious, most, technique, technologies, workers, works"
ALTA,1.0,,Most Luxurious Cars In The World,10 Royal Tech,https://www.youtube.com/watch?v=VWxBPRy90QY,7573,6061,482,@BuiltintheUSA,Inside Toyota’s Factory Building the World’s Most Powerful and Luxurious Cars 🚗🔥 | @BuiltintheUSA,FixNation,"cars, luxurious, most, world"
ALTA,1.0,,Amazing Transforming Vehicles You Didn't Know Exist,TTI Build Stories ,https://www.youtube.com/watch?v=SoM-VcHD0kw,7123,7123,1381,@PEECONmachinery,INCREDIBLE VEHICLES YOU DIDN'T KNOW EXIST,Maexology,"didn, exist, know, vehicles"
ALTA,1.0,,Amazing Machines Operating At An INSANE Level,22TechZoom,https://www.youtube.com/watch?v=qYkvnJtSTgY,7013,5429,429,@FRITSCHBakeryTechnologies,Modern Food Processing Machines operating at an Insane Level ▶2,TechFreeze,"insane, level, machines, operating"
ALTA,1.0,,Brilliant Construction Technologies and Mind-blowing Houses YOU MUST SEE,TTI Build Stories ,https://www.youtube.com/watch?v=FuwOvlU5T1E,6870,6870,1885,@structuredbuildandliftsyst1396,CONSTRUCTION TECHNOLOGIES YOU MUST SEE,KLIFS TECH,"construction, must, technologies"
ALTA,1.0,,SUPER Powerful Futuristic Agricultural Harvesters AND Machines That Are On Another Level,Lord Gizmo,https://www.youtube.com/watch?v=_jv7slMP0o8,6640,6092,833,@morosindustriashidraulicas,Powerful Machines that are on Another Level▶2,TechFreeze,"another, level, machines, powerful"
ALTA,1.0,,Jaw-Dropping SUPER Powerful Machines and Heavy-Duty Attachments That Are On Another Level,Lord Gizmo,https://www.youtube.com/watch?v=dVWgmOgxO54,6500,5954,827,@morosindustriashidraulicas,Powerful Machines that are on Another Level▶2,TechFreeze,"another, level, machines, powerful"
ALTA,1.0,,Man Builds Garage Using Only Wood Pallets with $2000,KLIFS TECH,https://www.youtube.com/watch?v=INTPg5l3HM4,6111,3396,164,@normalguydoesitall,Man Builds Garage with Wood Pallets | Full Build by @normalguydoesitall,Makerium,"garage, pallets, wood"
ALTA,1.0,,CRAZY Powerful Machines and Heavy-Duty Equipment That Are on Another Level,Lord Gizmo,https://www.youtube.com/watch?v=bL1tFPaxlV4,6049,5503,802,@morosindustriashidraulicas,Powerful Machines that are on Another Level▶2,TechFreeze,"another, level, machines, powerful"
ALTA,1.0,,Incredibly Powerful Tools And Equipment That Are On Another Level,Lord Gizmo,https://www.youtube.com/watch?v=ASJHOtyFH0I,5396,5250,1104,@hammerfisttool,AMAZING TOOLS THAT ARE ON ANOTHER LEVEL,Maexology,"another, level, tools"
ALTA,1.0,,Building a House in the Woods | Building A Log Cabin Alone,Innovative Tech World,https://www.youtube.com/watch?v=G_1q3goyGlw,4372,3886,725,@WildGnomos,Man Builds Stunning DIY Log Cabin in the Woods | From Start to Finish @WildGnomos,Quantum Build Studio,"cabin, log, woods"
ALTA,1.0,,Military Technologies That Are On Another Level,KLIFS TECH,https://www.youtube.com/watch?v=si4eeFwq-9c,4103,3537,639,@elbitsystems,Modern Military Technologies That Are At Another Level ▶2,TechFreeze,"another, level, military, technologies"
ALTA,1.0,,A Man Builds a Secret Tree House | From Start to Finish,Smart Fox,https://www.youtube.com/watch?v=X6qqhIQjRa8,3935,3046,429,@ArtSportArtSport,Building Secret Tree House in the Middle of the Forest | Start to Finish by ‪@ArtSportArtSport,KLIFS TECH,"house, secret, tree"
ALTA,1.0,SÍ — revisar,How Did the Young Man build his Dream Log House in the Harsh Weather Conditions of the Forest?,Innovative Tech World,https://www.youtube.com/watch?v=OiikjafZREw,3793,3364,718,@loginnature8516,Family Builds Dream Log House in the Forest | Start to Finish by @loginnature8516,TechFreeze,"dream, forest, house, log"
ALTA,1.0,,How This $5000 Backyard Underground Bunker Was Built From Scratch | Full DIY Process,KLIFS TECH,https://www.youtube.com/watch?v=NaXe2_SIb64,3773,3204,602,@Tornado_Dave,Man Builds Underground Bunker in his Backyard | Full Build by @Tornado_Dave,Makerium,"backyard, bunker, underground"
ALTA,1.0,,Most Unusual Vehicles,99Techspot,https://www.youtube.com/watch?v=ijpSpPSyGJQ,3602,3063,605,@1BillionTech,Most Unusual Vehicles,22TechZoom,"most, unusual, vehicles"
ALTA,1.0,,Man Renovation Incredible DIY Wood Cabin in the Woods Start to Finish,Cabin Maker,https://www.youtube.com/watch?v=rWuEUWFh86w,3244,1655,133,@DmitryLukinDIY,Man Builds Amazing DIY Wood Cabin in the Woods Start to Finish by @DmitryLukinDIY,Build Maker,"cabin, wood, woods"
ALTA,1.0,,COOLEST MOBILE HOMES THAT WILL BLOW YOUR MIND,FuturisticTech,https://www.youtube.com/watch?v=z-mNLJn3zaE,3223,2604,499,@TruckSurfHotel,MOBILE HOMES THAT WILL BLOW YOUR MIND,KLIFS TECH,"blow, homes, mind, mobile, will"
ALTA,1.0,,Building a Log Cabin From Scratch in 30 Days | Start to Finish,Farm Tastic,https://www.youtube.com/watch?v=OR6X_XiP3ZY,3097,2378,417,@woodjunkie_yt,Off-Grid Log Cabin Built From Scratch by a Young Couple | Full Timelapse by ‪@woodjunkie_yt‬,99Techspot,"cabin, log, scratch"
ALTA,1.0,,Amazing Military Technologies That Are On Another Level,FuturisticTech,https://www.youtube.com/watch?v=icsXrnXtWiE,2676,2296,627,@elbitsystems,Modern Military Technologies That Are At Another Level ▶2,TechFreeze,"another, level, military, technologies"
ALTA,1.0,,One Man Transforms a Giant Tree into Massive Boat,10 Royal Tech,https://www.youtube.com/watch?v=A43ulGeCbMQ,2594,1688,250,@OutbackMike,One Man Transforms a Giant Tree into Massive Boat | Start to Finish Build by @OutbackMike,TechFreeze,"boat, giant, massive, one, transforms, tree"
ALTA,1.0,,Luxurious Two-Story Mobile Homes That Will Blow Your Mind,22TechZoom,https://www.youtube.com/watch?v=u5hhVo_Losg,2570,2197,618,@TruckSurfHotel,MOBILE HOMES THAT WILL BLOW YOUR MIND,KLIFS TECH,"blow, homes, mind, mobile, will"
ALTA,1.0,,Man’s DIY Container Home with Rooftop Terrace Looks Straight Out of a Designer’s Dream!,TTI Build Stories ,https://www.youtube.com/watch?v=BgAUwxzTNEI,2561,2220,653,@TheModernHomeProject,A Man Built His Dream Container Home in 3 Years@TheModernHomeProject,Renovation Rescue HD,"container, dream, home"
ALTA,1.0,,Man Builds SU-35 JET BOAT From Scratch 🚀 | Full Build Start to Finish (Twin Kawasaki Engines),High speed Snail ,https://www.youtube.com/watch?v=BjBGpLqp6fo,2488,1281,136,@ThanhSuperBoat,A Man Builds a SU-35 Jet Boat From Scratch | @ThanhSuperBoat,Renovation Rescue HD,"boat, jet, scratch"
ALTA,1.0,,Most Amazing Cars In The World,22TechZoom,https://www.youtube.com/watch?v=AMRJqahgR-s,2409,2245,895,@BuiltintheUSA,Inside Toyota’s Factory Building the World’s Most Powerful and Luxurious Cars 🚗🔥 | @BuiltintheUSA,FixNation,"cars, most, world"
ALTA,1.0,,INGENIOUS TOOLS AND EQUIPMENT THAT ARE ON ANOTHER LEVEL,KLIFS TECH,https://www.youtube.com/watch?v=mgKUL_qdKeI,2381,2239,934,@winnidesigns,Ingenious tools that are on another Level ▶1,TechFreeze,"another, ingenious, level, tools"
ALTA,1.0,,This Man Turns His Boring Backyard into a Luxury Swimming Pool!,TTI Build Stories ,https://www.youtube.com/watch?v=2ub9Ycf26hs,2190,1918,681,@EricLeCarreleur,Man Builds Luxury Swimming Pool in His Backyard | Start to Finish by @EricLeCarreleur,Makerium,"backyard, luxury, pool, swimming"
ALTA,1.0,,How I Built A Secret Tree House Inside A Giant Oak | Hidden Shelter DIY,KLIFS TECH,https://www.youtube.com/watch?v=-Qq_TjodeLo,2144,1799,575,@Wild_Hammer,A Man Builds a Secret Tree House | From Start to Finish by @Wild_Hammer,Smart Fox,"house, secret, tree"
ALTA,1.0,,He Built A Traditional Japanese House To Last 100 Years: Hidden In The Forest,KLIFS TECH,https://www.youtube.com/watch?v=7G04Wc3BTcw,2077,1724,551,@RoughStyle,Man Builds Traditional Japanese House Alone | Start to Finish by @RoughStyle,Maker World,"house, japanese, traditional"
ALTA,1.0,,Military Technologies That Are On Another Level,22TechZoom,https://www.youtube.com/watch?v=QHUIm-rQeN0,2053,1894,854,@elbitsystems,Modern Military Technologies That Are At Another Level ▶2,TechFreeze,"another, level, military, technologies"
ALTA,1.0,,Abandoned 100 Year Old House Renovation - 2 Year Timelapse | Start to Finish.,Woodworking TV,https://www.youtube.com/watch?v=rrSreVdkm8Q,1901,1408,370,@carpintariarustica,Abandoned 100 Year Old House Renovation - Timelapse by @carpintariarustica ​,Smart Fox,"100, abandoned, house, renovation"
ALTA,1.0,,How This Backyard Was Transformed Into A Dream Swimming Pool | Full Build Process,KLIFS TECH,https://www.youtube.com/watch?v=6bs3bq9nYWw,1859,1577,599,@rlcmaker,Man Builds Amazing SWIMMING POOL in His Backyard - Start to Finish by @rlcmaker,Quantam Tech HD,"backyard, pool, swimming"
ALTA,1.0,,I Built a Real-Life UFO Boat That Actually Works,10 Royal Tech,https://www.youtube.com/watch?v=cq4XvgyCtbE,1842,1217,261,@Mr_Ho,Man Builds a Real UFO Boat That Actually Works! | Full Build Process by @Mr_Ho,TechFreeze,"actually, boat, real, ufo, works"
ALTA,1.0,,They Built A Hidden Underground Log Cabin In The Siberian Forest: Full Survival Build,KLIFS TECH,https://www.youtube.com/watch?v=ZRtnp3aViF4,1833,1487,506,@bushcraftua1,Man Built an UNDERGROUND Log Cabin: Start to Finish by @bushcraftua1,SmartTechZone,"cabin, log, underground"
ALTA,1.0,,Man Builds Dream Garage From Old Barn | 2 Years Timelapse,KLIFS TECH,https://www.youtube.com/watch?v=3cugMbLKD_U,1829,1242,283,@BergstromGarage,Man Transforms Old Barn into Amazing Dream Garage by @BergstromGarage,FuturisticTech,"barn, dream, garage"
ALTA,1.0,,Most Amazing Unusual Vehicles,Techglobal ,https://www.youtube.com/watch?v=AgbHxuwgC7s,1793,1331,373,@1BillionTech,Most Unusual Vehicles,22TechZoom,"most, unusual, vehicles"
ALTA,1.0,SÍ — revisar,Couple Builds Dream Cabin in Canadian Forest. Full Construction Process,KLIFS TECH,https://www.youtube.com/watch?v=XYB6BHDwF84,1719,1152,272,@dialtommy,Man Builds Dream Cabin in the Forest with Family | Start to Finish by @dialtommy,AKLA GELEN,"cabin, dream, forest"
ALTA,1.0,,CONCEPTS THAT WILL BLOW YOUR MIND,22TechZoom,https://www.youtube.com/watch?v=l8pO1fePQvc,1704,1533,763,@Lazzarinidesign,INSANE CONCEPTS OF THE FUTURE THAT WILL BLOW YOUR MIND,KLIFS TECH,"blow, concepts, mind, will"
ALTA,1.0,,This Man Spent 600 Days Turning 4 Shipping Containers Into a Dream Home- Full Build by Julien Malara,The Builders World,https://www.youtube.com/watch?v=giPsjJ_-7Ds,1616,712,95,@Fabricatusueno,Man Builds His Dream Home From Shipping Containers l Full DIY Build 🤯✨(by @Fabricatusueno),Car Test Channel,"containers, dream, home, shipping"
ALTA,1.0,,STUNNING WOODEN CABIN BUILT BY HAND IN THE FOREST,Eonx Lab,https://www.youtube.com/watch?v=1CQMAAEjA5s,1565,818,141,@cabininthenorth,The man builds his own wooden cabin by hand. | @cabininthenorth,MrS,"cabin, hand, wooden"
ALTA,1.0,,He Built Cozy Off Grid Cabin From Scratch. 1-Year Construction Process,KLIFS TECH,https://www.youtube.com/watch?v=nEutXDwYbFk,1382,962,305,@woodjunkie_yt,Couple Builds Cozy Off-Grid Cabin From Scratch by @woodjunkie_yt,FuturisticTech,"cabin, cozy, grid, off, scratch"
ALTA,1.0,,Family Build Their Dream Log House in Alaska,10 Royal Tech,https://www.youtube.com/watch?v=pzp-zehqJvE,1349,869,243,@MontanaHaven,Father Builds Dream Log House For His Children in Alaska | 2-Years Timelapse by @MontanaHaven,TechFreeze,"alaska, dream, house, log"
ALTA,1.0,,FAMILY BUILDS AN AMAZING LOG HOUSE DEEP IN THE ALASKA,10 Royal Tech,https://www.youtube.com/watch?v=pj3A3SqfddE,1346,748,164,@MontanaHaven,Family Builds an Amazing Log House Deep in the Alaska Start to Finish by‪@MontanaHaven,22TechZoom,"alaska, deep, house, log"
ALTA,1.0,,I Turned a Plastic Water Tank into a Secret Off-Grid Hobbit House!,Renov Master,https://www.youtube.com/watch?v=ZjK_JafYrpQ,1301,584,99,@my_off-grid_story,Couple Builds Amazing Off-Grid House | Start to Finish by @my_off-grid_story,Maexology,"grid, house, off"
ALTA,1.0,,Man Renovates 100-Year-Old Cabin in 2 Years | Full Build by HomesteadingDays ,Rebuilding HD,https://www.youtube.com/watch?v=FsdqycHuBI4,1130,715,231,@homesteadingdays,Man Renovates 100-Year-Old CABIN in 2 YEARS | Start to Finish by @homesteadingdays,Quantum Makers,"100, cabin, renovates"
ALTA,1.0,,The Biggest Trucks In The World,10 Royal Tech,https://www.youtube.com/watch?v=2XaAIy4v5kg,1094,1020,896,@GearForgeHD,The BIGGEST Tow Truck in the WORLD ▶ Impressive Recovery Trucks You HAVE to See,Gear Tech HD,"biggest, trucks, world"
ALTA,1.0,,I Built a Hidden Warm Shelter Underground to Survive Winter,Supervivencia Real,https://www.youtube.com/watch?v=TjAdnwtJduc,1080,566,142,@PolissyaBushcraft,A Man Built a Hidden Underground Shelter by Himself@PolissyaBushcraft,Hidden Cabin ,"hidden, shelter, underground"
ALTA,1.0,,MOST COMFORTABLE TRUCKS YOU HAVEN'T SEEN BEFORE,TechTalks,https://www.youtube.com/watch?v=y9QQuvOOyag,996,696,308,@silo-melmer.at,MOST COMFORTABLE TRUCKS You Haven't SEEN BEFORE ▶ Restoration of a TUNED OLD Truck,Gear Tech HD,"before, comfortable, haven, most, seen, trucks"
ALTA,1.0,,He Converted A Plain Van Into A Fully Off-Grid Luxury Home On Wheels: Start To Finish,KLIFS TECH,https://www.youtube.com/watch?v=95QXnlnmBok,983,796,503,@GrumpyToadCreations,We Built an Off Grid Home in 2 Years | Start to Finish By @GrumpyToadCreations,Cabin Maker,"grid, home, off"
ALTA,1.0,,Construction Technologies That Have Reached A New Level,TechTalks,https://www.youtube.com/watch?v=WMU_o8oDkRY,970,661,286,@liteform,CONSTRUCTION TECHNOLOGIES THAT HAVE REACHED A NEW LEVEL,KLIFS TECH,"construction, have, level, reached, technologies"
ALTA,1.0,,How He Built A Full-Size Yacht Powered By An Old Car Engine | DIY Engineering Masterpiece,KLIFS TECH,https://www.youtube.com/watch?v=5UtMwB6EvOo,956,814,609,@Nasatchannel,Man Builds Full-Size YACHT with Car Engine | Start to Finish Build by @Nasatchannel,TechFreeze,"car, engine, size, yacht"
ALTA,1.0,,Father and Daughter Build a Huge Dream Family House in 3 Years | Start to Finish,Quantum Build Studio,https://www.youtube.com/watch?v=Fvu3T_Rntl8,810,299,65,@?,Father and Daughter Build HUGE Family House in 3 YEARS | Start to Finish by @집,Quantum Makers,"daughter, father, house, huge"
ALTA,1.0,,Man Builds a 180HP JET SKI with a Motorcycle Engine,10 Royal Tech,https://www.youtube.com/watch?v=2xuaxuJDZeM,810,370,103,@homemade_madness,Man Builds a 180HP JET SKI with a Motorcycle Engine | Full Build by @homemade_madness,Makerium,"180hp, engine, jet, motorcycle, ski"
ALTA,1.0,,They Restored A Million-Dollar Mansion Left To Rot For 5 Years: Full Transformation,KLIFS TECH,https://www.youtube.com/watch?v=AT0aMf_wd-s,747,619,547,@Wolfpupfab,Building a Million-Dollar Mansion | Start to Finish by ⁨@Wolfpupfab⁩,BuildXplore,"dollar, mansion, million"
ALTA,1.0,,Man Revives a 1969 Lincoln Continental Mark III | Full Classic Car Restoration From Start to Finish,Namtum Makers,https://www.youtube.com/watch?v=ekbNI46NKUQ,721,297,82,@rcm_by,Full Restoration of a 50-Year-Old Classic Car | by @rcm_by,Quantum Makers,"car, classic, restoration"
ALTA,1.0,,INGENIOUS TOOLS THAT ARE ON A NEW LEVEL,KLIFS TECH,https://www.youtube.com/watch?v=kuh3fYssbSk,694,655,948,@winnidesigns,Ingenious tools that are on another Level ▶1,TechFreeze,"ingenious, level, tools"
ALTA,1.0,,He Dug And Built A Hidden Underground Cabin In The Forest | Full Build Journey,KLIFS TECH,https://www.youtube.com/watch?v=GyDv3ELQ9B8,674,569,588,@PolissyaBushcraft,Hidden Cabin: He Built This Alone in the Forest@PolissyaBushcraft,Hidden Cabin ,"cabin, forest, hidden"
ALTA,1.0,,Construction Technologies That Have Reached A New Level,22TechZoom,https://www.youtube.com/watch?v=bQKB4d_c3WI,671,558,556,@liteform,CONSTRUCTION TECHNOLOGIES THAT HAVE REACHED A NEW LEVEL,KLIFS TECH,"construction, have, level, reached, technologies"
ALTA,1.0,SÍ — revisar,FULL 200m² WOODEN HOUSE BUILD – FROM EMPTY LAND TO DREAM HOME!,Farm Tastic,https://www.youtube.com/watch?v=qowFenma__4,667,528,464,@slothconstruction,Building My Dream House From Start to Finish | Complete Home Build @slothconstruction @QuantumMakers,CabinCraft,"dream, home, house"
ALTA,1.0,SÍ — revisar,Affordable Home Building Ideas That Can Transform Your Dream House,TECHNOLOGY KBG,https://www.youtube.com/watch?v=9QeyL3CLKYw,653,436,269,@slothconstruction,Building My Dream House From Start to Finish | Complete Home Build @slothconstruction @QuantumMakers,CabinCraft,"dream, home, house"
ALTA,1.0,,Construction Technologies That Have Reached a New Level,Techglobal ,https://www.youtube.com/watch?v=nOj_jVloCkM,653,513,451,@liteform,CONSTRUCTION TECHNOLOGIES THAT HAVE REACHED A NEW LEVEL,KLIFS TECH,"construction, have, level, reached, technologies"
ALTA,1.0,,INCREDIBLE VEHICLES THAT ARE ON ANOTHER LEVEL,Maexology,https://www.youtube.com/watch?v=V6Haz0qFqUI,625,579,871,@RUSSIAN.ATV.PLASTUN,ALL-TERRAIN VEHICLES THAT ARE ON ANOTHER LEVEL,KLIFS TECH,"another, level, vehicles"
ALTA,1.0,,He Spent A Year Building A Cozy Brick And Log Cabin Deep In The Forest | DIY Journey,KLIFS TECH,https://www.youtube.com/watch?v=pIdA6Xrdr24,601,510,601,@RoughStyle,Man Build Alone a  Incredible Log Cabin in the Deep Forest - Start to Finish @RoughStyle​,Pro Build Master,"cabin, deep, forest, log"
ALTA,1.0,,Couple spends 90 days building a brick and clay pizza oven by hand,10 Royal Tech,https://www.youtube.com/watch?v=25UgsNu4FyE,566,122,23,@OffGridLife,Couple spends 3 months building a brick and clay pizza oven by hand | performed by@OffGridLife,Makers TV,"brick, clay, hand, oven, pizza, spends"
ALTA,1.0,,MOST UNUSUAL VEHICLES THAT WILL BLOW YOUR MIND,TECH REVIEWS,https://www.youtube.com/watch?v=mque6aZVZGg,565,340,202,@1BillionTech,Most Unusual Vehicles,22TechZoom,"most, unusual, vehicles"
ALTA,1.0,,I Built a Winter Survival Shelter and Spent the Night by the Fire,Supervivencia Real,https://www.youtube.com/watch?v=VLBIfBLG7q0,541,285,144,@norusarubushcraft,Man Builds Complete Survival Shelter for Winter | Start to Finish Build By @norusarubushcraft,TechFreeze,"shelter, survival, winter"
ALTA,1.0,,Full video : I Built a Wooden House in the Wilderness in Just 30 Days,Farm Tastic,https://www.youtube.com/watch?v=N6tAdLKFyag,528,421,475,@serkanbilgin27,This man built a wooden house in just 10 days | Full Video By @serkanbilgin27,SUN Channel,"house, just, wooden"
ALTA,1.0,,Man Turns A Giant Water Tank Into A Real Boat,10 Royal Tech,https://www.youtube.com/watch?v=tboov7YKNvE,520,183,59,@MustaqimMuhammadHatta,"Man Turns a Giant 5,000 Liter Water Tank Into Real Boat | Start To Finish by  @MustaqimMuhammadHatta",Lord Gizmo,"boat, giant, real, tank, turns, water"
ALTA,1.0,,Solo Survival: Building a Cozy Forest Cabin with Wood and Stone,Farm Tastic,https://www.youtube.com/watch?v=vUlrnBeO2iQ,509,405,471,@lesnoy_craft8607,Man Builds STONE CABIN Alone in the Forest | Start to Finish by ‪@lesnoy_craft8607 ‬,SmartTechZone,"cabin, forest, stone"
ALTA,1.0,,"A $1,000 Underground Hobbit Home Project",10 Royal Tech,https://www.youtube.com/watch?v=IeLlQBmr3oM,444,260,188,@AloshaLynov,"A $2,000 Underground Hobbit Home Project Start to Finish by @AloshaLynov",22TechZoom,"000, hobbit, home, project, underground"
ALTA,1.0,,A Bankrupt Couple Renovates An Old Mountain House To Raise Their Young Children  | Start To Finish.,Woodworking TV,https://www.youtube.com/watch?v=lngrppj0mw8,403,290,338,@juanxiaoliu,Young Woman Renovates Old House in 2 Years |Start to Finish@juanxiaoliu,BRAIN TIME VT,"house, renovates, young"
ALTA,1.0,,Two Brothers Turned 100-Year Abandoned SILO Into a Luxury Family Space,The Makers HD,https://www.youtube.com/watch?v=20I3sLZ5lng,400,29,3,@Worzalla_Brothers,Two Brothers Turned 100-Year Abandoned SILO Into a Luxury Family Space | @Worzalla_Brothers,Maker World,"100, abandoned, brothers, luxury, silo, space, turned, two"
ALTA,1.0,,This Man Uses FREE ABANDONED PALLETS to Build a House in the Forest,10 Royal Tech,https://www.youtube.com/watch?v=xxROxaSu9OI,375,64,15,@lesnoy,Man Uses FREE ABANDONED PALLETS to Build a House in the Forest | Full Build by @lesnoy,TechFreeze,"abandoned, forest, free, house, pallets, uses"
ALTA,1.0,,Skilled Chinese Carpenter Built His Dream Wooden House in 30 Days – Full Construction Process,Woodworking TV,https://www.youtube.com/watch?v=vZJ8eX7nbc4,367,284,427,@LetsBuildAHouse,The process of building wooden house in 10 days - Complete construction process by⁨@LetsBuildAHouse⁩,Home Renov,"construction, house, wooden"
ALTA,1.0,,My Wife Bought Old House and Renovates it Back to New in 2 YEARS | Start to Finish.,Woodworking TV,https://www.youtube.com/watch?v=wBzasIkUJM4,349,258,368,@juanxiaoliu,She Bought an Old House and Renovates it Back to New in 2 YEARS | @juanxiaoliu,KLIFS TECH,"back, bought, house, renovates"
ALTA,1.0,,"Man Turns a $20,000 Truck into a Stunning Apartment on Wheels",10 Royal Tech,https://www.youtube.com/watch?v=iXVcenEW3qA,328,160,120,@andrewryanpov,"Man Turns a $30,000 Truck Into a Luxury Apartment on Wheels | Start to Finish by ‪@andrewryanpov‬",99Techspot,"000, apartment, truck, turns, wheels"
ALTA,1.0,,"Man Buys Abandoned House for $500, Cleaning and Rebuilding It to His Dream Home | Start to Finish.",Woodworking TV,https://www.youtube.com/watch?v=kipY7AYa8ck,319,232,348,@DmitryLukinDIY,Man Builds His DREAM House Alone in 500 Days (Start to Finish by ‪@DmitryLukinDIY),TTI Build Stories ,"500, dream, house"
ALTA,1.0,,Young Woman Buys Old House and Renovates it Back to New in 2 YEARS | Start to Finish,Quantam Tech HD,https://www.youtube.com/watch?v=exPG92LDaxQ,280,233,559,@mesoptv,Young Couple Buys Old Country House and Renovates it Back to New | Start to Finish by @mesoptv,Quantum Makers,"back, buys, house, renovates, young"
ALTA,1.0,SÍ — revisar,Building a Log Cabin Alone in the Forest.|from start to finish JohntheBuilder.,HITECH,https://www.youtube.com/watch?v=db8c-gApBfU,267,83,46,@WoodsandWondersCabin,Woman Builds a Beautiful Log Cabin in the Forest | Start to Finish @WoodsandWondersCabin,BRAIN TIME VT,"cabin, forest, log"
ALTA,1.0,,AMAZING TOOLS THAT ARE INSANELY ON ANOTHER LEVEL,KLIFS TECH,https://www.youtube.com/watch?v=YGPzlIGTPqY,218,207,971,@hammerfisttool,AMAZING TOOLS THAT ARE ON ANOTHER LEVEL,Maexology,"another, level, tools"
ALTA,1.0,,I Built a Stone House Alone in the Forest in 7 Days — Full Build,Farm Tastic,https://www.youtube.com/watch?v=sOsLK4tguNI,199,97,119,@lesnoy_craft8607,Man Builds an Amazing Stone and Log House in the Forest | Start to Finish @lesnoy_craft8607,BUILDCRAFT WORLD DIY,"forest, house, stone"
ALTA,1.0,,Real Transforming Vehicles You Didn't Know Exist,Techglobal ,https://www.youtube.com/watch?v=ZxPvphXN5nk,166,128,425,@PEECONmachinery,INCREDIBLE VEHICLES YOU DIDN'T KNOW EXIST,Maexology,"didn, exist, know, vehicles"
ALTA,1.0,,MOST COMFORTABLE TRUCKS AND BUSSES YOU HAVE NOT SEEN BEFORE,10 Royal Tech,https://www.youtube.com/watch?v=pDI32XXhPis,136,131,1045,@mobas.ch,Most INCREDIBLE Trucks You HAVE to See,Gear Tech HD,"have, most, trucks"
ALTA,1.0,,Ingenious TOOLS That Are On Another Level,KLIFS TECH,https://www.youtube.com/watch?v=AcGPesw485g,132,117,726,@winnidesigns,Ingenious tools that are on another Level ▶1,TechFreeze,"another, ingenious, level, tools"
ALTA,1.0,,Man Transforms Abandoned Warehouse in Chicago into a Dream Home 5-year START-TO-FINISH Renovation,Epic Explore World,https://www.youtube.com/watch?v=59VL48_vPWg,118,64,154,@homesteadingdays,Couple Transforms Abandoned Warehouse into a Dream Home | Full Build @homesteadingdays,BRAIN TIME VT,"abandoned, dream, home, transforms, warehouse"
ALTA,1.0,,Solo Building a 360° Rotating Cabin in the Forest from Scratch,Renov Master,https://www.youtube.com/watch?v=QNp4vET9Uzw,107,27,31,@bushcraftua1,DIY Cabin in the Forest — Build Your Own Cabin from Scratch!@bushcraftua1,Hidden Cabin ,"cabin, forest, scratch"
ALTA,1.0,,Built A House In Just 6 DAYS For CHEAP! (Full Construction Start to Finish),B P C,https://www.youtube.com/watch?v=yVrHLgKToKY,103,70,287,@Gablok-maison-kit,Man Builds CHEAP HOUSE in Just 6 DAYS | Start to Finish Full construction process,AKLA GELEN,"cheap, construction, house, just"
ALTA,1.0,,Construction Technologies That Have Reached A New Level,TechTalks,https://www.youtube.com/watch?v=3lSn68nXlS0,102,70,295,@liteform,CONSTRUCTION TECHNOLOGIES THAT HAVE REACHED A NEW LEVEL,KLIFS TECH,"construction, have, level, reached, technologies"
ALTA,1.0,,Young couple transforms old French house into dream home in 1 year timelapse by EXODE - RÉNOVATION,Rebuilding HD,https://www.youtube.com/watch?v=CFMAQA3ag5c,101,44,93,@TheFixerHomeRepair,Man Transforms Old House Into DREAM HOME In 8 Years | By @TheFixerHomeRepair,Quantum Makers,"dream, home, house, transforms"
ALTA,1.0,,Old Man Builds Massive Log Cabin in Alaska Wilderness 120-Day | By This Is My Alaska,Rebuilding HD,https://www.youtube.com/watch?v=vHJjPuNYyQ4,98,30,45,@MontanaHaven,Family Builds Stunning Log Cabin in Alaska Wilderness | Start to Finish@MontanaHaven ‬,HORIZON TECH ,"alaska, cabin, log, wilderness"
ALTA,1.0,,How One Man Built His Dream Container Home on a Budget | Full Build Process,BuildRecap TV,https://www.youtube.com/watch?v=WVnFpMdRNKo,44,6,10,@TheModernHomeProject,A Man Built His Dream Container Home in 3 Years@TheModernHomeProject,Renovation Rescue HD,"container, dream, home"
ALTA,1.0,,Couple Builds An Off-Grid Shipping Container Home From Scratch (start to finish),Epic Explore World,https://www.youtube.com/watch?v=XjJ7ba0QF8g,35,10,39,@GrumpyToadCreations,We Built an Off Grid Home in 2 Years | Start to Finish By @GrumpyToadCreations,Cabin Maker,"grid, home, off"
ALTA,1.0,,Man Built His Own Two-Story Wooden House in the Middle of the Forest in 300 Days | Strart To Finish ,Survival Skills,https://www.youtube.com/watch?v=ZRoxshIFZcc,35,24,288,@Wood_Wolf,Man Builds a Stunning 2-Story Wooden House in the Forest | From Start to Finish by @Wood_Wolf,Maker World,"forest, house, story, wooden"
ALTA,1.0,,The Man Who Built a Bamboo House Deep in the Forest | From Start to Finish ,Survival Skills,https://www.youtube.com/watch?v=pNmA3BDQ9ls,34,22,254,@UlilEbell,Man Builds A Bamboo House in the Forest | By @UlilEbell,TTI Build Stories ,"bamboo, forest, house"
ALTA,1.0,,Man Built a house in the forest (ASMR) — A HIDDEN TREE TRUNK HOUSE Deep in the Forest,Epic Explore World,https://www.youtube.com/watch?v=I-FW0uq2b9w,32,19,194,@ArtSportArtSport,Man Builds an Amazing Tree House in the DIY Forest | Tree House | Start to Finish @ArtSportArtSport,Rustic Roots Build,"forest, house, tree"
ALTA,1.0,,Car Restoration | 1964 Porsche 901 Full Restoration From Rust to Showroom Classic ASMR,Lynsey Windon,https://www.youtube.com/watch?v=ubki-JAoqOQ,32,18,172,@rcm_by,Full Restoration of a 50-Year-Old Classic Car | by @rcm_by,Quantum Makers,"car, classic, restoration"
ALTA,1.0,,Man Digs a Hole in a Mountain and Turns it Into an Apartment | Start to Finish,Build Beyond,https://www.youtube.com/watch?v=ZJdbHYs-zcs,23,20,675,@?,Man Digs a Hole in a Mountain and Turns it Into an Amazing Apartment,Quantum Makers,"apartment, digs, hole, mountain, turns"
ALTA,1.0,,Building a Cozy Off-Grid Cabin: Start to Finish (Timelapse),Hillside Builder,https://www.youtube.com/watch?v=GNFXcnurSjg,22,9,78,@woodjunkie_yt,Cozy Off-Grid Log Cabin Built From Scratch by a Young Couple in 50 Days | @woodjunkie_yt,22TechZoom,"cabin, cozy, grid, off"
ALTA,1.0,,"Satisfying Wood Carving Machines, Wood CNC & Lathe Machines",Click Star Techno,https://www.youtube.com/watch?v=f2d5YuMj3VQ,21,19,843,@rjckindlingmachines2248,"Satisfying Wood Carving Machines, Wood CNC & Lathe Machines ▶5",TechFreeze,"carving, cnc, lathe, machines, satisfying, wood"
ALTA,1.0,SÍ — revisar,Man Built A Huge Log House Deep In The Forest In 365 Days | From Start To Finish,Survival Skills,https://www.youtube.com/watch?v=iCJpp8f08kE,20,13,249,@КарельскийДилетант,Man Build a Log House in the Forest | Start to Finish by @КарельскийДилетант,B P C,"forest, house, log"
ALTA,1.0,,Man Buys ABANDONED HOUSE for $7500 and Renovates It Back To New | Start to Finish,Quantam Tech HD,https://www.youtube.com/watch?v=IPDVn1w1F-Y,17,14,559,@DIY_OTAKU_take,Man Buys ABANDONED HOUSE for $7500 and Renovates It Back To New | Start to Finish @DIY_OTAKU_take,Quantum Makers,"7500, abandoned, back, buys, house, renovates"
ALTA,1.0,,Converted a SHIPPING CONTAINER into a Dream Home in 365 Days!,The Building Zone,https://www.youtube.com/watch?v=vi6Yx_4tVXM,15,13,647,@TheModernHomeProject,A Man Built His Dream Container Home in 3 Years@TheModernHomeProject,Renovation Rescue HD,"container, dream, home"
ALTA,1.0,SÍ — revisar,Father & Son Build A Big Log House In The Middle Of The Wild Forest | From Start To Finish ,Survival Skills,https://www.youtube.com/watch?v=b5ZigGVZpkw,15,10,281,@КарельскийДилетант,Man Build a Log House in the Forest | Start to Finish by @КарельскийДилетант,B P C,"forest, house, log"
ALTA,1.0,,Man Builds Log Cabin in the Middle of the Northern Wilderness | From Start to Finish ,Survival Skills,https://www.youtube.com/watch?v=VNmYOBtBWUA,14,9,266,@lifeinthesiberianforest1,Man Building a Log Cabin in the Wilderness — Full Process @lifeinthesiberianforest1,BRAIN TIME VT,"cabin, log, wilderness"
ALTA,1.0,,Unbelievable: He Built His First Dream Wooden House in Just 240 Days | Start to Finish,TechTalks,https://www.youtube.com/watch?v=eBLwaRQ-SIA,12,2,14,@serkanbilgin27,This man built a wooden house in just 10 days | Full Video By @serkanbilgin27,SUN Channel,"house, just, wooden"
ALTA,1.0,,I Spent 30 Days Building a House of STONES and LOGS in the Forest,Quantam Tech HD,https://www.youtube.com/watch?v=WbgVDgtWxqI,11,9,552,@bogdanintheforest4382,Building House with STONES and LOGS in the Forest | Start to Finish by ‪@bogdanintheforest4382‬,KLIFS TECH,"forest, house, logs, stones"
ALTA,1.0,,Man Builds Amazing House Using SHIPPING CONTAINERS,US Technology,https://www.youtube.com/watch?v=391qVkWtR2E,11,4,62,@GrumpyToadCreations,Man Builds an Amazing House Using Just 2 SHIPPING CONTAINERS,22TechZoom,"containers, house, shipping, using"
ALTA,1.0,,Skillful Excavator Operators are Building Roads on a Steep Mountain | Tech Talks,TechTalks,https://www.youtube.com/watch?v=u3cqkAsGoUU,10,6,200,@Grayderci,Skillful Excavator Operators are Building Roads on a Steep Mountain ▶2,TechFreeze,"excavator, mountain, operators, roads, skillful, steep"
ALTA,1.0,SÍ — revisar,Couple Builds Their Dream Tiny Log Cabin by Hand by  NickandMaëla,H2 EcoTech,https://www.youtube.com/watch?v=FoiPx2KrI2E,7,6,540,@beccanlevisalaska,How We Built Our Dream Log Cabin | Full Start to Finish Build@beccanlevisalaska @QuantumMakers ,CabinCraft,"cabin, dream, log"
ALTA,1.0,,Amazing Tools That Are On Another Level,Click Star Techno,https://www.youtube.com/watch?v=9pJOeXui6lQ,7,7,927,@winnidesigns,Ingenious tools that are on another Level ▶1,TechFreeze,"another, level, tools"
ALTA,1.0,,Man Turns Ruined Garage into Amazing Workshop | Start to Finish by #oldhouse,Quantam Tech HD,https://www.youtube.com/watch?v=rPZ9Lryv_xY,6,5,554,@tyap-lyap,Man Turns Ruined Garage into Amazing Workshop | Start to Finish by @tyap-lyap,Quantum Makers,"garage, ruined, turns, workshop"
ALTA,1.0,,Free Off Grid Wooden House Couple's 365 Days Alone in the Mountains,Change of house,https://www.youtube.com/watch?v=OMmt69f1KK4,5,3,258,@CountryBoy-82,Man Builds DIY Off-Grid WOODEN HOUSE In The Mountains | Start To Finish By @CountryBoy-82,Quantum Makers,"grid, house, mountains, off, wooden"
ALTA,0.92,,Restoring the ABANDONED Tank That Fired the BIGGEST Gun Ever Built! | FV4005,TTI Build Stories ,https://www.youtube.com/watch?v=dkZfZwax6Hs,784682,549902,311,@MrHewes,Man Restoring the BIGGEST Gun Tank in the World | FV4005 Start to Finish by @MrHewes,Epic Explore World,"biggest, fv4005, gun, restoring, tank"
ALTA,0.9,,Man Builds an Incredible Wooden Cabin on a Remote Volcanic Island | Start to Finish,Quantum Build Studio,https://www.youtube.com/watch?v=n5vL2vPH6rA,227806,141127,218,@WildGnomos,Man Builds an Amazing Wooden House on a Remote Volcanic Island |@WildGnomos,BRAIN TIME VT,"island, remote, volcanic, wooden"
ALTA,0.9,,Family Builds Stunning Wooden Cabin on a Remote Volcanic Island | Start to Finish,Quantum Build Studio,https://www.youtube.com/watch?v=ZLNXcnbWsXw,116715,76375,254,@WildGnomos,Man Builds an Amazing Wooden House on a Remote Volcanic Island |@WildGnomos,BRAIN TIME VT,"island, remote, volcanic, wooden"
MEDIA,0.88,,Man Brings Junkyard Chevrolet C10 V8 Back to Life — Full Restoration,High speed Snail ,https://www.youtube.com/watch?v=9Hzp2Lpcsjs,1194,791,263,@FLManGarage,Man Transforms JUNKYARD V8 Chevrolet C10 Back to New | Full Restoration by @FLManGarage,Makerium,"back, c10, chevrolet, junkyard, restoration"
MEDIA,0.88,,Woman Builds Incredible Shelter Under a Huge Tree Root | cooking survival,Farm Tastic,https://www.youtube.com/watch?v=Wet2adE6Kbc,703,560,474,@ivan_bushcraft,Man builds secret survival shelter under the root of a HUGE tree by @ivan_bushcraft,SwiftBuild,"huge, root, shelter, survival, tree, under"
MEDIA,0.86,,I Can't Believe It! Genius Construction Techniques I Never Thought Of,SmartTechZone,https://www.youtube.com/watch?v=rumDBRAzfz4,746,530,325,@drfal,I can't believe it! I never thought of these ingenious Construction Techniques,AKLA GELEN,"believe, can, construction, never, techniques, thought"
MEDIA,0.86,,"Man Turns 5,000 Liter Tank into Epic Homemade Boat! Full Build",High speed Snail ,https://www.youtube.com/watch?v=sIpz5_1JfU4,728,481,261,@DoyoNosssFishing,"Man Turns 5,000 Liter Water Tank into a Boat | Start to Finish By@DoyoNosssFishing",KLIFS TECH,"000, boat, liter, tank, turns"
MEDIA,0.86,,Off-Grid Family Builds Amazing Log Cabin in Alaska Forest,Eonx Lab,https://www.youtube.com/watch?v=V7t-uHc7n4s,89,46,138,@beccanlevisalaska,A Couple Builds an Off-Grid Log Cabin Together in Alaska: @beccanlevisalaska,MrS,"alaska, cabin, grid, log, off"
MEDIA,0.85,,Incredibly Powerful Factory Production Machines | Satisfying Factory Processes And Ingenious Tools,Lord Gizmo,https://www.youtube.com/watch?v=NVHWY2iXVRA,42746,41131,1044,@ForbonaGroup,Most Satisfying Machines and Ingenious Tools ▶5,TechFreeze,"ingenious, machines, satisfying, tools"
MEDIA,0.85,,Mind-Blowing Satisfying Factory Machines & Ingenious Tools You Need to See!,Lord Gizmo,https://www.youtube.com/watch?v=VTVP29QDDY4,14753,13126,728,@ForbonaGroup,Most Satisfying Machines and Ingenious Tools ▶5,TechFreeze,"ingenious, machines, satisfying, tools"
MEDIA,0.85,,Coolest All-Terrain  Vehicles In The World,10 Royal Tech,https://www.youtube.com/watch?v=aUvnikg-b3A,617,550,732,@SHERPATV,COOLEST AMPHIBIOUS ALL-TERRAIN VEHICLES YOU MUST SEE,Maexology,"all, coolest, terrain, vehicles"
MEDIA,0.84,,Military Technologies That Have Reached A New Level,99Techspot,https://www.youtube.com/watch?v=1Svv3IeqFL0,2833,2467,666,@liteform,CONSTRUCTION TECHNOLOGIES THAT HAVE REACHED A NEW LEVEL,KLIFS TECH,"have, level, reached, technologies"
MEDIA,0.84,,SATISFYING Videos of 3D Printers Doing Their Job PERFECTLY,SwiftBuild,https://www.youtube.com/watch?v=0i3mKQDA0Jo,1498,1286,629,@izofoamsuceava,SATISFYING VIDEOS OF WORKERS DOING PERFECT JOB,KLIFS TECH,"doing, job, satisfying, videos"
MEDIA,0.84,,I Built a COZY Bushcraft Treehouse to Survive Winter,Supervivencia Real,https://www.youtube.com/watch?v=GaGBOJKa3tU,753,399,146,@AntonioOff-Grid,Building a cozy bushcraft treehouse for winter survival @AntonioOff-Grid,H2 EcoTech,"bushcraft, cozy, treehouse, winter"
MEDIA,0.84,,This Young Man Built a Stunning Wooden House in the Forest in One Year,Rebuilding HD,https://www.youtube.com/watch?v=8q8FaSTU60c,61,22,62,@BuildingInNature,One Young Man Builds An Amzing Wooden House In-A-Tree. ​You Won’t Believe Your Eyes! Start To Finish,Pro Build Master,"house, one, wooden, young"
MEDIA,0.82,,AWESOME AND POWERFUL Machinery That You Didn't Know About,Lord Gizmo,https://www.youtube.com/watch?v=YI8aAIMzBHE,68900,68232,1212,@GearForgeHD,This Is How This Advanced Machine Builds Roads on Ice ▶ Machinery You Didn’t Know About 2,Gear Tech HD,"about, didn, know, machinery"
MEDIA,0.82,,"Man Built a $2,000 Underground Log Dugout Shelter!",TTI Build Stories ,https://www.youtube.com/watch?v=5ve-HUzn5pA,38318,32056,568,@bushcraftua1,Man Built Amazing Underground Log CABIN | Hidden Dugout Shelter | Start to Finish by @bushcraftua1,Pro Build Master,"dugout, log, shelter, underground"
MEDIA,0.82,,Man Hand-Builds an Amazing Container Home With a Rooftop Terrace | from beginning to end,Life Rhythm TV,https://www.youtube.com/watch?v=4PLsUdS4e0c,3548,882,30,@mlgkontejneri3283,He Built a 2-Story Container Home with an Incredible Rooftop Terrace | by @mlgkontejneri3283,World Build,"container, home, rooftop, terrace"
MEDIA,0.82,,Man Builds an Off-Grid Wooden Cabin in the Amazon Jungle (30 Days),Renov Master,https://www.youtube.com/watch?v=Hl-WG5oHilY,3002,1664,163,@mypersonaljournal,Man Builds an Incredible Off-Grid Wooden Cabin in the Forest | Full Start to Finish,Rustic Roots Build,"cabin, grid, off, wooden"
MEDIA,0.81,,Building a Warm Forest Shelter to Survive the Winter Solo Build,Renov Master,https://www.youtube.com/watch?v=Fp7YdN8WjH8,140291,58756,85,@Elyas.bushcraft,$10 Shelter Build: Solo Survival in Winter Forest | Start to Finish by @Elyas.bushcraft,Farm Tastic,"forest, shelter, solo, winter"
MEDIA,0.8,,Incredible Genius Farmers & High-Level Modern Agriculture Machines Like You've Never Seen,AKLA GELEN,https://www.youtube.com/watch?v=QZ9ekbNnyPE,278320,278320,1390,@nexat_agriculture,Modern Agriculture Machines That Are On Another Level,KLIFS TECH,"agriculture, level, machines, modern"
MEDIA,0.8,,AMAZING ALL-TERRAIN VEHICLES THAT HAVE REACHED A NEW LEVEL,99Techspot,https://www.youtube.com/watch?v=qqkcfAjE6qg,10261,9606,914,@RUSSIAN.ATV.PLASTUN,ALL-TERRAIN VEHICLES THAT ARE ON ANOTHER LEVEL,KLIFS TECH,"all, level, terrain, vehicles"
MEDIA,0.8,,FUTURISTIC Agriculture Machines That Are At Another Level,Lord Gizmo,https://www.youtube.com/watch?v=0wClUDPyF4U,5874,5693,1083,@nexat_agriculture,Modern Agriculture Machines That Are On Another Level,KLIFS TECH,"agriculture, another, level, machines"
MEDIA,0.8,,NEXT LEVEL All Terrain Vehicles You’ve Never Seen Before! | Tech Talks,TechTalks,https://www.youtube.com/watch?v=ZNhw3tBRoQo,59,40,278,@RUSSIAN.ATV.PLASTUN,ALL-TERRAIN VEHICLES THAT ARE ON ANOTHER LEVEL,KLIFS TECH,"all, level, terrain, vehicles"
BAJA,0.79,,He Spent 200 Days Building A Log Cabin Alone In The Forest: Complete Off-Grid Build,KLIFS TECH,https://www.youtube.com/watch?v=sXwHd3hHuP0,14002,11518,533,@bjornbrenton,DIY Log Cabin Build Alone in the Forest | DIY Wood Cabin | Off-Grid Log Cabin. Start to Finish,Rustic Roots Build,"cabin, forest, grid, log, off"
BAJA,0.79,,NEW LEVEL OF CONSTRUCTION TECHNOLOGIES REACHED NOW | Tech Talks,TechTalks,https://www.youtube.com/watch?v=G9mob6fKlWY,190,128,275,@liteform,CONSTRUCTION TECHNOLOGIES THAT HAVE REACHED A NEW LEVEL,KLIFS TECH,"construction, level, reached, technologies"
BAJA,0.78,,He Built A Fully Functional Boat Using 4 Plastic Drums | DIY Build From Scratch,KLIFS TECH,https://www.youtube.com/watch?v=mZqY_1K3rTM,5228,4475,621,@doyonosssfishing,Man Transforms Plastic Drums Into a Fully Functional Boat – Here’s How!    { @doyonosssfishing  },TTI Build Stories ,"boat, drums, fully, functional, plastic"
BAJA,0.78,,This Ingenious Mechanism and Technologies Will Blow Your Mind,KLIFS TECH,https://www.youtube.com/watch?v=DTucEUMuTyg,3063,2651,649,@Dr-DIY,This Genius Mechanism Will Blow Your Mind ▶14,TechFreeze,"blow, mechanism, mind, will"
BAJA,0.78,,He Built A Forest Cabin Using Only Abandoned Pallets: Complete Off-Grid Build,KLIFS TECH,https://www.youtube.com/watch?v=Pqz7jg0NQ34,728,595,520,@lesnoy_craft8607,Man Transforms Abandoned Pallets into a Stunning Forest Cabin | Start to Finish by @lesnoy_craft8607,TechFreeze,"abandoned, cabin, forest, pallets"
BAJA,0.78,,A Man Built A Magnificent Secret House By Carving A Giant Rock For 10 Months,10 Royal Tech,https://www.youtube.com/watch?v=C0aOEKzNeg4,514,307,198,@BushcraftIdeas-e9q,Man Builds a Secret House Under a Giant Rock in 7 Days | Full Build by @BushcraftIdeas-e9q​,Makerium,"giant, house, rock, secret"
BAJA,0.78,,Abandoned Forest Cabin Restoration | From RUINS to a Cozy Off-Grid Home (Start to Finish),Renov Master,https://www.youtube.com/watch?v=6brpN63ssH0,171,41,28,@lesnoy,Solo Building a Cozy Off-Grid Forest Cabin (Start to Finish)  @lesnoy​,The Makers HD,"cabin, cozy, forest, grid, off"
BAJA,0.77,,Friends Turn Abandoned Castle into 4-Star Hotel. Full Construction Process!,KLIFS TECH,https://www.youtube.com/watch?v=svAfmsZ9lOM,2614,1836,313,@chateaudutheil,Friends Transform Abandoned Castle Into A FOUR STAR Hotel | Start to Finish by @chateaudutheil,Makerium,"abandoned, castle, friends, hotel, star"
BAJA,0.76,,"Young Couple Transforms Old Shipping Containers into a Stunning $600,000 Luxury Container Villa",Innovative Tech World,https://www.youtube.com/watch?v=JFx2kv3_8kI,676761,97195,11,@Construyendo-Juntos,Young Couple Transforms SHIPPING CONTAINER Into Dream Home 🏠 | by ‪@Construyendo-Juntos,High speed Snail ,"container, shipping, transforms, young"
BAJA,0.76,,We Turned An Old Bus Into A Luxury Tiny Home | Full DIY Makeover Journey,KLIFS TECH,https://www.youtube.com/watch?v=8rkuAuOuczU,1392,1171,581,@lifeanywhere,He Turned an Old School Bus into a Stunning Tiny Home | Full Build by @lifeanywhere,ULTIMATE BUILD LAD DIY,"bus, home, tiny, turned"
BAJA,0.76,,Unbelievable! Construction Techniques You've Never Seen,B P C,https://www.youtube.com/watch?v=CKQ02Q4Fs4Y,28,20,322,@Tunnel-Solare-Doinglight,Construction Workers Use Techniques You've Never Seen - Most Ingenious Construction Technologies,AKLA GELEN,"construction, never, seen, techniques"
BAJA,0.76,,Ingenious Space Saving Furniture Designs for Modern Living,Click Star Techno,https://www.youtube.com/watch?v=tC8iPUXN624,14,13,857,@HofmanDujardin,SMART FURNITURE AND INGENIOUS SPACE SAVING DESIGNS IDEAS,KLIFS TECH,"designs, furniture, ingenious, saving, space"
BAJA,0.74,,Man restored an abandoned house in the forest from 1957 into his dream home.,BRAIN TIME VT,https://www.youtube.com/watch?v=_h5yw5kAe98,1510338,715921,112,@Gabriel.Leni100,Family Transforms Abandoned House into Dream Home | Start to Finish by @Gabriel.Leni100,Makerium,"abandoned, dream, home, house"
BAJA,0.74,,Luxury Mobiles Homes That Will Blow Your Mind,22TechZoom,https://www.youtube.com/watch?v=GR6pxYy-Kj8,162327,157190,1078,@TruckSurfHotel,MOBILE HOMES THAT WILL BLOW YOUR MIND,KLIFS TECH,"blow, homes, mind, will"
BAJA,0.74,,Luxury Mobiles Homes That Will Blow Your Mind,99Techspot,https://www.youtube.com/watch?v=28lKQh76Vts,3447,3447,1380,@TruckSurfHotel,MOBILE HOMES THAT WILL BLOW YOUR MIND,KLIFS TECH,"blow, homes, mind, will"
BAJA,0.74,,Quick Build Homes That Will Blow Your Mind,99Techspot,https://www.youtube.com/watch?v=cwaIUbjyjPM,3147,2825,756,@TruckSurfHotel,MOBILE HOMES THAT WILL BLOW YOUR MIND,KLIFS TECH,"blow, homes, mind, will"
BAJA,0.73,,Mind-Blowing Construction Techniques That Really Work!,Lord Gizmo,https://www.youtube.com/watch?v=Gdnano3VCGU,22027,19469,708,@Lyonsroofing,Construction Workers' Techniques Really Work - Most Ingenious Construction Technologies,AKLA GELEN,"construction, really, techniques, work"
BAJA,0.73,,"Building a Survival House in the Forest from Wood, Stone, and Clay from Start to Finish",Farm Tastic,https://www.youtube.com/watch?v=qlq3v_9fkW4,3483,2973,614,@Outdoor_builder,A Man Builds A House Made Of Stone And Wood In The Forest Over 30 days | By @Outdoor_builder,Clean & Restore Tech,"forest, house, stone, wood"
BAJA,0.72,,Man Builds a Shelter Using Only Hand Tools to Survive a Snowstorm,Maker World,https://www.youtube.com/watch?v=B2dlrhNg3No,36249,23622,251,@Kampkolik,Man Builds Amazing Wood House Only Using Hand Tools! | Start to Finish by @Kampkolik,Quantum Makers,"hand, only, tools, using"
BAJA,0.72,,Amazing Construction Machinery You Probably Didn't Know About,Lord Gizmo,https://www.youtube.com/watch?v=BY6xA4iw_J4,15059,14798,1163,@GearForgeHD,Most AWESOME Heavy Duty Trucks And Machinery You Probably Didn't Know What They Are Used For,Gear Tech HD,"didn, know, machinery, probably"
BAJA,0.71,,Unique And Powerful Modern AGRICULTURAL Machinery That Are On Another Level,Lord Gizmo,https://www.youtube.com/watch?v=kxO-1mgpCuw,15317,14854,1086,@GearForgeHD,Ingenious Modern AGRO TRUCKS That Are on Another LEVEL ▶ Advanced Agricultural Machinery,Gear Tech HD,"agricultural, another, level, machinery, modern"
BAJA,0.71,,Most Satisfying Road Construction Machines Working at Another Level,SmartTechZone,https://www.youtube.com/watch?v=ghoUlqTxu0U,480,292,207,@vialittv3331,Modern Road Construction Machines & Technologies on Another Level ▶3,TechFreeze,"another, construction, level, machines, road"
BAJA,0.7,,Impressive Unusual Machinery That You Probably Didn't Know About,Lord Gizmo,https://www.youtube.com/watch?v=a00Q2TVkaT8,104897,104535,1254,@GearForgeHD,Amazing Unusual ATV Equipment You Probably Didn't Know About 1 ▶ Quad Bike Excavator,Gear Tech HD,"about, didn, know, probably, unusual"
BAJA,0.7,,Most Incredible Helicopters You Haven't Seen Before,99Techspot,https://www.youtube.com/watch?v=473jFDoX0Xk,20935,20935,1439,@silo-melmer.at,MOST COMFORTABLE TRUCKS You Haven't SEEN BEFORE ▶ Restoration of a TUNED OLD Truck,Gear Tech HD,"before, haven, most, seen"
BAJA,0.7,,This Man Transforms an Ordinary Water Tank into an Incredible Boat!,TTI Build Stories ,https://www.youtube.com/watch?v=8Xbdvi2dZFo,2622,2260,639,@MustaqimMuhammadHatta,"Man Transforms 5,000 Liter Water Tank into Amazing Boat by @MustaqimMuhammadHatta",TechFreeze,"boat, tank, transforms, water"
