creator,url,distributors,uploads,median_outlier,max_outlier
Mr_Ho,https://www.youtube.com/@Mr_Ho,26,32,0.97,19.2
DmitryLukinDIY,https://www.youtube.com/@DmitryLukinDIY,25,33,1.18,2762.12
lifeanywhere,https://www.youtube.com/@lifeanywhere,24,27,2.14,4547.37
bjornbrenton,https://www.youtube.com/@bjornbrenton,23,25,2.73,63.53
LetsBuildAHouse,https://www.youtube.com/@LetsBuildAHouse,23,27,1.06,32.63
ThisIsMyAlaska,https://www.youtube.com/@ThisIsMyAlaska,22,25,1.52,74.91
lesnoy_craft8607,https://www.youtube.com/@lesnoy_craft8607,21,27,0.78,1457.25
BuildersBlueprint,https://www.youtube.com/@BuildersBlueprint,20,26,0.93,188.5
bushcraftua1,https://www.youtube.com/@bushcraftua1,19,20,0.89,87.06
ProjectswithChristineJesse,https://www.youtube.com/@ProjectswithChristineJesse,16,17,1.0,197.38
Worzalla_Brothers,https://www.youtube.com/@Worzalla_Brothers,16,18,0.54,41.81
slothconstruction,https://www.youtube.com/@slothconstruction,16,21,1.13,34.98
lesnoy,https://www.youtube.com/@lesnoy,15,24,1.18,677.2
GrumpyToadCreations,https://www.youtube.com/@GrumpyToadCreations,15,15,2.86,47.39
luxonbushcraft,https://www.youtube.com/@luxonbushcraft,14,15,0.71,114.0
MontanaHaven,https://www.youtube.com/@MontanaHaven,14,16,1.45,37.55
OutbackMike,https://www.youtube.com/@OutbackMike,14,15,2.69,15.49
WildGnomos,https://www.youtube.com/@WildGnomos,13,19,2.64,599.39
NickandMaëla,https://www.youtube.com/@NickandMaëla,13,15,0.99,61.04
nikrijavec47,https://www.youtube.com/@nikrijavec47,13,14,1.27,60.83
Carpenter_AnXu,https://www.youtube.com/@Carpenter_AnXu,12,13,2.5,573.36
my_off-grid_story,https://www.youtube.com/@my_off-grid_story,12,14,0.85,497.3
LifeontheMoose,https://www.youtube.com/@LifeontheMoose,12,13,1.69,166.8
serkanbilgin27,https://www.youtube.com/@serkanbilgin27,12,13,0.4,35.67
WoodsandWondersCabin,https://www.youtube.com/@WoodsandWondersCabin,12,14,1.74,10.5
ThanhSuperBoat,https://www.youtube.com/@ThanhSuperBoat,11,13,0.73,30.02
buildinginnature,https://www.youtube.com/@buildinginnature,11,11,1.15,10.82
AloshaLynov,https://www.youtube.com/@AloshaLynov,11,14,1.14,4.69
normalguydoesitall,https://www.youtube.com/@normalguydoesitall,10,12,1.41,137.91
Wolfpupfab,https://www.youtube.com/@Wolfpupfab,10,15,4.39,90.47
norusarubushcraft,https://www.youtube.com/@norusarubushcraft,10,18,0.97,76.95
andrewryanpov,https://www.youtube.com/@andrewryanpov,10,11,1.42,45.63
naturalloghouse,https://www.youtube.com/@naturalloghouse,10,10,0.33,44.22
LankHome,https://www.youtube.com/@LankHome,10,14,0.85,14.56
matt.jacobs1,https://www.youtube.com/@matt.jacobs1,10,11,0.88,3.98
JulienMalara,https://www.youtube.com/@JulienMalara,9,11,1.92,112.76
murattuncer,https://www.youtube.com/@murattuncer,9,10,0.6,58.05
ArtSportArtSport,https://www.youtube.com/@ArtSportArtSport,9,9,2.67,46.15
juanxiaoliu,https://www.youtube.com/@juanxiaoliu,9,12,1.48,22.43
RRBuildings,https://www.youtube.com/@RRBuildings,9,12,1.2,20.11
kbuild,https://www.youtube.com/@kbuild,9,10,0.4,3.39
Korytan,https://www.youtube.com/@Korytan,8,9,0.37,95.59
AsianBushcraftHomie,https://www.youtube.com/@AsianBushcraftHomie,8,10,4.25,94.5
LiveDontWatch,https://www.youtube.com/@LiveDontWatch,8,9,1.27,79.78
Construyendo-Juntos,https://www.youtube.com/@Construyendo-Juntos,8,12,1.37,40.4
RoughStyle,https://www.youtube.com/@RoughStyle,8,10,0.84,8.57
Fabricatusueno,https://www.youtube.com/@Fabricatusueno,8,10,0.63,5.66
Bochi-Hut,https://www.youtube.com/@Bochi-Hut,8,10,2.02,3.99
VillaAroldi,https://www.youtube.com/@VillaAroldi,7,7,7.2,478.49
yudaikawase,https://www.youtube.com/@yudaikawase,7,10,0.54,214.16
homesteadingdays,https://www.youtube.com/@homesteadingdays,7,8,1.47,133.39
woodjunkie_yt,https://www.youtube.com/@woodjunkie_yt,7,9,1.96,67.12
beccanlevisalaska,https://www.youtube.com/@beccanlevisalaska,7,8,1.22,25.94
Nasatchannel,https://www.youtube.com/@Nasatchannel,7,9,1.0,25.6
QuantumMakers,https://www.youtube.com/@QuantumMakers,7,23,1.0,20.11
bogdanintheforest4382,https://www.youtube.com/@bogdanintheforest4382,7,7,1.41,17.67
mypersonaljournal,https://www.youtube.com/@mypersonaljournal,7,7,1.15,14.59
frengen_engineering,https://www.youtube.com/@frengen_engineering,7,9,1.19,4.4
PolissyaBushcraft,https://www.youtube.com/@PolissyaBushcraft,6,8,1.09,971.88
themodernhomeproject,https://www.youtube.com/@themodernhomeproject,6,6,0.75,192.17
ramizinthewild,https://www.youtube.com/@ramizinthewild,6,8,1.31,147.32
MustaqimMuhammadHatta,https://www.youtube.com/@MustaqimMuhammadHatta,6,9,4.56,47.7
BushcraftIdeas-e9q,https://www.youtube.com/@BushcraftIdeas-e9q,6,10,1.19,26.42
RamyRC,https://www.youtube.com/@RamyRC,6,7,0.27,15.76
DemasiLogCabin,https://www.youtube.com/@DemasiLogCabin,6,7,1.0,4.26
TheOutsiderCabin,https://www.youtube.com/@TheOutsiderCabin,6,6,1.02,2.39
ErikGrankvist,https://www.youtube.com/@ErikGrankvist,6,6,0.87,1.69
DashingAxe,https://www.youtube.com/@DashingAxe,5,8,0.96,231.21
enancinar,https://www.youtube.com/@enancinar,5,7,5.1,79.81
LesBricoloveurs,https://www.youtube.com/@LesBricoloveurs,5,7,1.79,63.89
LeChantierdesMax,https://www.youtube.com/@LeChantierdesMax,5,7,2.93,37.74
MySelfReliance,https://www.youtube.com/@MySelfReliance,5,6,2.01,32.41
mlgkontejneri3283,https://www.youtube.com/@mlgkontejneri3283,5,6,0.9,29.22
choigotv001,https://www.youtube.com/@choigotv001,5,5,1.0,25.08
lifeinthesiberianforest1,https://www.youtube.com/@lifeinthesiberianforest1,5,5,0.75,17.96
Alone_with_nature_vova,https://www.youtube.com/@Alone_with_nature_vova,5,6,0.8,16.0
LesnoySpeed,https://www.youtube.com/@LesnoySpeed,5,5,1.0,14.5
growinginfrance,https://www.youtube.com/@growinginfrance,5,7,1.32,13.29
araujocaiaque,https://www.youtube.com/@araujocaiaque,5,7,2.45,13.21
desentoca2309,https://www.youtube.com/@desentoca2309,5,5,1.5,9.16
mwigmedia,https://www.youtube.com/@mwigmedia,5,7,0.72,8.11
BergstromGarage,https://www.youtube.com/@BergstromGarage,5,8,0.85,6.95
adrianwoodworm,https://www.youtube.com/@adrianwoodworm,5,5,1.75,6.78
Weandnature,https://www.youtube.com/@Weandnature,5,9,1.98,5.92
BendheimBoards,https://www.youtube.com/@BendheimBoards,5,5,1.14,4.0
DoBeDiff,https://www.youtube.com/@DoBeDiff,5,5,2.11,3.75
TheOffGridExperience,https://www.youtube.com/@TheOffGridExperience,5,6,0.26,3.25
KORcountrysidelife,https://www.youtube.com/@KORcountrysidelife,5,7,1.0,2.52
Tornado_Dave,https://www.youtube.com/@Tornado_Dave,5,6,0.97,1.57
haisupercar,https://www.youtube.com/@haisupercar,5,5,1.14,1.31
diy8288,https://www.youtube.com/@diy8288,5,6,0.54,0.73
channel520,https://www.youtube.com/@channel520,4,4,7.35,1797.67
andersboisentinyhouse,https://www.youtube.com/@andersboisentinyhouse,4,4,0.74,63.84
MrBuildit,https://www.youtube.com/@MrBuildit,4,5,1.74,24.88
domegaia,https://www.youtube.com/@domegaia,4,4,7.78,22.27
homemade_madness,https://www.youtube.com/@homemade_madness,4,5,5.2,16.94
perfectidea,https://www.youtube.com/@perfectidea,4,4,0.5,13.67
mikesdreambuilds,https://www.youtube.com/@mikesdreambuilds,4,5,2.39,9.49
MeadowlarkLogHomes,https://www.youtube.com/@MeadowlarkLogHomes,4,6,1.21,8.19
ThanhĐiềnNTĐ,https://www.youtube.com/@ThanhĐiềnNTĐ,4,7,3.38,6.92
Mrhuubushcraft,https://www.youtube.com/@Mrhuubushcraft,4,4,3.78,5.35
dialtommy,https://www.youtube.com/@dialtommy,4,7,0.52,4.69
LibraryofConstruction,https://www.youtube.com/@LibraryofConstruction,4,4,1.74,4.56
NDWoodArt,https://www.youtube.com/@NDWoodArt,4,4,0.93,4.01
cabinlife4551,https://www.youtube.com/@cabinlife4551,4,5,1.83,3.49
RestorationsSkills6886,https://www.youtube.com/@RestorationsSkills6886,4,4,1.47,2.86
lesnoy_badger1544,https://www.youtube.com/@lesnoy_badger1544,4,5,0.82,2.4
lesnoy_offline3431,https://www.youtube.com/@lesnoy_offline3431,4,5,0.28,2.08
Paullivesdifferent,https://www.youtube.com/@Paullivesdifferent,4,5,1.79,1.79
KYLESCABIN,https://www.youtube.com/@KYLESCABIN,4,5,1.01,1.65
thinkwilderness,https://www.youtube.com/@thinkwilderness,4,4,0.67,1.4
RuslaninTheWoods,https://www.youtube.com/@RuslaninTheWoods,4,5,0.08,1.25
Outdoor_builder,https://www.youtube.com/@Outdoor_builder,4,4,0.71,1.0
klerobi1,https://www.youtube.com/@klerobi1,4,5,0.71,0.85
papatechnologies,https://www.youtube.com/@papatechnologies,3,3,5.73,259.1
freefootsteps877,https://www.youtube.com/@freefootsteps877,3,3,30.23,70.43
cleanupfree2t970,https://www.youtube.com/@cleanupfree2t970,3,3,2.02,66.47
botanik6140,https://www.youtube.com/@botanik6140,3,3,1.61,48.03
ChopShopCrew,https://www.youtube.com/@ChopShopCrew,3,4,0.32,41.72
norsetoalaska,https://www.youtube.com/@norsetoalaska,3,4,9.02,41.72
nikospropertyshow,https://www.youtube.com/@nikospropertyshow,3,3,13.84,39.99
primitivevilla1930,https://www.youtube.com/@primitivevilla1930,3,5,1.95,33.6
crazybushcraft,https://www.youtube.com/@crazybushcraft,3,3,0.19,23.46
NickandMaela,https://www.youtube.com/@NickandMaela,3,3,16.47,19.92
DesignsbyDonnie,https://www.youtube.com/@DesignsbyDonnie,3,3,1.98,12.5
Outthegateoffroadnz,https://www.youtube.com/@Outthegateoffroadnz,3,4,0.66,11.83
ateliermavi,https://www.youtube.com/@ateliermavi,3,4,6.29,11.4
restorationt2,https://www.youtube.com/@restorationt2,3,3,0.4,9.75
JJfishing19marine,https://www.youtube.com/@JJfishing19marine,3,4,5.74,9.2
PrimitiveTechnologyIdea,https://www.youtube.com/@PrimitiveTechnologyIdea,3,5,0.6,8.51
septemberflow,https://www.youtube.com/@septemberflow,3,6,3.06,6.25
Advoko,https://www.youtube.com/@Advoko,3,3,1.08,6.01
BushcraftLeo,https://www.youtube.com/@BushcraftLeo,3,4,2.9,5.71
HalfassKustoms,https://www.youtube.com/@HalfassKustoms,3,5,0.65,4.44
QuickCuts,https://www.youtube.com/@QuickCuts,3,3,0.88,3.51
outdoorlifeandcraft,https://www.youtube.com/@outdoorlifeandcraft,3,4,1.56,3.36
aboulderlifeoffgrid,https://www.youtube.com/@aboulderlifeoffgrid,3,4,2.48,3.33
EricLeCarreleur,https://www.youtube.com/@EricLeCarreleur,3,3,0.81,3.12
OneFootOfftheGrid,https://www.youtube.com/@OneFootOfftheGrid,3,4,1.03,3.08
kevcatbuildit9478,https://www.youtube.com/@kevcatbuildit9478,3,3,1.43,2.33
thecarmechanicxiaowu,https://www.youtube.com/@thecarmechanicxiaowu,3,3,0.93,1.82
LiveWithCreativity,https://www.youtube.com/@LiveWithCreativity,3,4,1.14,1.64
DennisKoburger,https://www.youtube.com/@DennisKoburger,3,3,1.1,1.62
forestpaths,https://www.youtube.com/@forestpaths,3,3,1.0,1.54
Motorizando,https://www.youtube.com/@Motorizando,3,4,0.32,1.44
WesternPioneer,https://www.youtube.com/@WesternPioneer,3,4,0.16,1.39
Dodoan123,https://www.youtube.com/@Dodoan123,3,3,0.62,1.38
anvswild,https://www.youtube.com/@anvswild,3,3,0.43,1.27
European_Homesteading,https://www.youtube.com/@European_Homesteading,3,5,0.8,1.2
alex-wild,https://www.youtube.com/@alex-wild,3,4,1.03,1.05
Wood_Wolf,https://www.youtube.com/@Wood_Wolf,3,4,0.55,1.0
Cleantheoldhouse,https://www.youtube.com/@Cleantheoldhouse,3,3,0.67,0.77
Elijah-House,https://www.youtube.com/@Elijah-House,3,4,0.46,0.71
BushcraftHakankarahan,https://www.youtube.com/@BushcraftHakankarahan,3,3,0.5,0.5
BibiaBus,https://www.youtube.com/@BibiaBus,3,4,0.42,0.47
stephandmicah,https://www.youtube.com/@stephandmicah,3,4,0.2,0.25
Marshallclassic,https://www.youtube.com/@Marshallclassic,3,5,0.07,0.2
DoyoNosssFishing,https://www.youtube.com/@DoyoNosssFishing,2,2,1047.42,2094.77
Needs.Detail,https://www.youtube.com/@Needs.Detail,2,3,0.78,1524.95
AtlasSurvivalShelters,https://www.youtube.com/@AtlasSurvivalShelters,2,2,214.57,427.19
trucks_channel_razborgruz,https://www.youtube.com/@trucks_channel_razborgruz,2,3,1.64,224.04
JerryRigEverything,https://www.youtube.com/@JerryRigEverything,2,2,111.8,221.06
ProcessK,https://www.youtube.com/@ProcessK,2,2,103.6,201.8
Woodsimprovisation,https://www.youtube.com/@Woodsimprovisation,2,2,91.83,181.3
MLG_mylittlegarage,https://www.youtube.com/@MLG_mylittlegarage,2,2,81.9,163.02
Hampus_Granstrom,https://www.youtube.com/@Hampus_Granstrom,2,3,19.68,162.5
DawidOutdoorAdventures,https://www.youtube.com/@DawidOutdoorAdventures,2,2,51.39,69.78
trieuthihoa,https://www.youtube.com/@trieuthihoa,2,3,5.77,30.88
Holy_Maker,https://www.youtube.com/@Holy_Maker,2,2,14.45,28.57
petualangsumatera-ul5ml,https://www.youtube.com/@petualangsumatera-ul5ml,2,3,0.55,20.7
RV-19,https://www.youtube.com/@RV-19,2,2,10.62,19.61
MorizinForest,https://www.youtube.com/@MorizinForest,2,2,8.59,16.46
Theonewhobuilds-kz7tr,https://www.youtube.com/@Theonewhobuilds-kz7tr,2,2,6.77,12.87
SurvivalFarNorth,https://www.youtube.com/@SurvivalFarNorth,2,2,5.33,9.9
Mar.lavender,https://www.youtube.com/@Mar.lavender,2,3,9.61,9.61
skoolievanblog,https://www.youtube.com/@skoolievanblog,2,2,4.88,8.75
KopauKakXo4u,https://www.youtube.com/@KopauKakXo4u,2,2,4.03,7.67
chateaudutheil,https://www.youtube.com/@chateaudutheil,2,3,7.56,7.56
Restavraciya,https://www.youtube.com/@Restavraciya,2,2,3.96,7.53
loginnature8516,https://www.youtube.com/@loginnature8516,2,2,5.9,7.25
DungBushcraft-dq4cu,https://www.youtube.com/@DungBushcraft-dq4cu,2,3,0.8,5.8
wildhomestead,https://www.youtube.com/@wildhomestead,2,3,5.5,5.5
Gabriel.Leni100,https://www.youtube.com/@Gabriel.Leni100,2,3,5.39,5.39
SimpleLifeBushcraft,https://www.youtube.com/@SimpleLifeBushcraft,2,2,2.9,5.3
ShevaBushcraft,https://www.youtube.com/@ShevaBushcraft,2,2,3.32,5.14
bastianbuilders,https://www.youtube.com/@bastianbuilders,2,3,4.86,4.86
OffGridLife,https://www.youtube.com/@OffGridLife,2,1,4.75,4.75
The,https://www.youtube.com/@The,2,2,2.72,4.69
Ivan-Rogal,https://www.youtube.com/@Ivan-Rogal,2,2,2.63,4.27
ivan_bushcraft,https://www.youtube.com/@ivan_bushcraft,2,3,1.91,4.18
XuanFreeLife5688,https://www.youtube.com/@XuanFreeLife5688,2,3,2.5,3.79
johnwolson,https://www.youtube.com/@johnwolson,2,2,1.99,3.7
LýPhúcVy,https://www.youtube.com/@LýPhúcVy,2,2,2.04,3.63
RCPlayGround,https://www.youtube.com/@RCPlayGround,2,2,2.6,3.44
christiangreen612,https://www.youtube.com/@christiangreen612,2,2,1.85,3.19
SteepintheWoods,https://www.youtube.com/@SteepintheWoods,2,2,2.11,3.06
MattBangsWood,https://www.youtube.com/@MattBangsWood,2,2,1.56,2.77
YiZhizhu,https://www.youtube.com/@YiZhizhu,2,2,1.6,2.72
lythibinh,https://www.youtube.com/@lythibinh,2,2,1.75,2.5
divanstroy,https://www.youtube.com/@divanstroy,2,2,1.45,2.36
alangomezcraft,https://www.youtube.com/@alangomezcraft,2,2,1.54,2.35
VeganAthlete,https://www.youtube.com/@VeganAthlete,2,3,1.3,2.17
FinnishPlayground,https://www.youtube.com/@FinnishPlayground,2,2,2.06,2.09
ThisOffGridLife,https://www.youtube.com/@ThisOffGridLife,2,3,2.03,2.03
EveryotherKarl,https://www.youtube.com/@EveryotherKarl,2,2,1.35,1.83
Lesnoy_Craft,https://www.youtube.com/@Lesnoy_Craft,2,2,1.54,1.76
OlegDim,https://www.youtube.com/@OlegDim,2,2,1.03,1.69
rampewild,https://www.youtube.com/@rampewild,2,2,1.4,1.67
belaruscustoms,https://www.youtube.com/@belaruscustoms,2,5,0.18,1.4
mattandmouse,https://www.youtube.com/@mattandmouse,2,2,0.96,1.35
bradyoung2174,https://www.youtube.com/@bradyoung2174,2,3,1.32,1.32
French_builder,https://www.youtube.com/@French_builder,2,3,1.3,1.3
Library,https://www.youtube.com/@Library,2,3,1.26,1.26
Bushcraft__Karina,https://www.youtube.com/@Bushcraft__Karina,2,2,0.91,1.2
Rehabit8,https://www.youtube.com/@Rehabit8,2,3,1.18,1.18
user-Vozrozhdenie,https://www.youtube.com/@user-Vozrozhdenie,2,3,1.04,1.15
Wild_Hammer,https://www.youtube.com/@Wild_Hammer,2,2,0.71,1.15
ppeppefamily,https://www.youtube.com/@ppeppefamily,2,4,0.85,1.06
WoodworkingProjectsDIY,https://www.youtube.com/@WoodworkingProjectsDIY,2,2,0.78,1.04
SailingGoodBadandUgly,https://www.youtube.com/@SailingGoodBadandUgly,2,4,1.01,1.03
HomeBuiltByJeff,https://www.youtube.com/@HomeBuiltByJeff,2,2,0.79,1.0
WildernessSurvivalMan,https://www.youtube.com/@WildernessSurvivalMan,2,2,0.75,1.0
havgs1701,https://www.youtube.com/@havgs1701,2,2,0.88,1.0
Solo.BushcraftTV,https://www.youtube.com/@Solo.BushcraftTV,2,2,0.56,0.99
kustorez777,https://www.youtube.com/@kustorez777,2,2,0.59,0.97
RenovationProcess,https://www.youtube.com/@RenovationProcess,2,3,0.95,0.95
MasonDixonAcres,https://www.youtube.com/@MasonDixonAcres,2,2,0.79,0.8
LESNUE,https://www.youtube.com/@LESNUE,2,2,0.45,0.77
darryldarks,https://www.youtube.com/@darryldarks,2,2,0.41,0.77
BuildingVanLife,https://www.youtube.com/@BuildingVanLife,2,4,0.55,0.75
alex_wildlife,https://www.youtube.com/@alex_wildlife,2,2,0.54,0.75
rcactionhomemade,https://www.youtube.com/@rcactionhomemade,2,2,0.39,0.74
LeandroGoretta,https://www.youtube.com/@LeandroGoretta,2,2,0.6,0.71
The_Rebuild_Lab,https://www.youtube.com/@The_Rebuild_Lab,2,2,0.44,0.67
UlilEbell,https://www.youtube.com/@UlilEbell,2,2,0.53,0.63
tehnolexa,https://www.youtube.com/@tehnolexa,2,2,0.32,0.61
RescueStory,https://www.youtube.com/@RescueStory,2,2,0.31,0.58
Akira_OA,https://www.youtube.com/@Akira_OA,2,2,0.52,0.56
gino.varisano,https://www.youtube.com/@gino.varisano,2,3,0.53,0.53
RobsCarpentryAndWoodworks,https://www.youtube.com/@RobsCarpentryAndWoodworks,2,3,0.49,0.49
RestorationTools6868,https://www.youtube.com/@RestorationTools6868,2,2,0.33,0.4
RuralCraftsmanship,https://www.youtube.com/@RuralCraftsmanship,2,2,0.23,0.35
DanZalinsky,https://www.youtube.com/@DanZalinsky,2,2,0.22,0.34
woodjunkie,https://www.youtube.com/@woodjunkie,2,2,0.16,0.29
PrimitiveSkillsnet,https://www.youtube.com/@PrimitiveSkillsnet,2,2,0.2,0.28
ThisLifeOutdoors,https://www.youtube.com/@ThisLifeOutdoors,2,2,0.17,0.27
YOGOMANinAK,https://www.youtube.com/@YOGOMANinAK,2,2,0.27,0.27
Elseweyr,https://www.youtube.com/@Elseweyr,2,3,0.25,0.25
Exode-Rénovation,https://www.youtube.com/@Exode-Rénovation,2,2,0.12,0.19
lttivi,https://www.youtube.com/@lttivi,2,2,0.12,0.18
TNCreativeProject,https://www.youtube.com/@TNCreativeProject,2,2,0.08,0.14
RinaandMichael,https://www.youtube.com/@RinaandMichael,2,3,0.1,0.1
Montana,https://www.youtube.com/@Montana,1,1,1524.99,1524.99
The-Quinta,https://www.youtube.com/@The-Quinta,1,1,970.52,970.52
adventurevibee,https://www.youtube.com/@adventurevibee,1,1,500.61,500.61
manmadecrafts,https://www.youtube.com/@manmadecrafts,1,1,216.88,216.88
ZiskindVillage,https://www.youtube.com/@ZiskindVillage,1,1,97.28,97.28
WELDPRO,https://www.youtube.com/@WELDPRO,1,1,81.07,81.07
awesome,https://www.youtube.com/@awesome,1,1,80.2,80.2
Damarsito,https://www.youtube.com/@Damarsito,1,1,63.99,63.99
ĐiềnTiểuCaFarm86,https://www.youtube.com/@ĐiềnTiểuCaFarm86,1,2,44.16,63.56
imamttae7280,https://www.youtube.com/@imamttae7280,1,1,56.21,56.21
lesnoy_nearthefire998,https://www.youtube.com/@lesnoy_nearthefire998,1,1,53.4,53.4
Noru,https://www.youtube.com/@Noru,1,1,50.97,50.97
Restoration,https://www.youtube.com/@Restoration,1,1,47.27,47.27
doracamperstudio,https://www.youtube.com/@doracamperstudio,1,1,42.69,42.69
InWildForest,https://www.youtube.com/@InWildForest,1,1,38.61,38.61
fazenda13aa,https://www.youtube.com/@fazenda13aa,1,1,36.86,36.86
trieuthisenh-o6k,https://www.youtube.com/@trieuthisenh-o6k,1,1,32.19,32.19
old_school_moaboa,https://www.youtube.com/@old_school_moaboa,1,1,28.58,28.58
thetielife,https://www.youtube.com/@thetielife,1,1,25.07,25.07
HandyGeng,https://www.youtube.com/@HandyGeng,1,1,20.34,20.34
ShoyanJapaneseCarpenter,https://www.youtube.com/@ShoyanJapaneseCarpenter,1,1,18.65,18.65
7asean,https://www.youtube.com/@7asean,1,1,18.46,18.46
RCHBuilders,https://www.youtube.com/@RCHBuilders,1,1,18.26,18.26
20by8,https://www.youtube.com/@20by8,1,1,17.69,17.69
northtoalaska2022,https://www.youtube.com/@northtoalaska2022,1,1,17.64,17.64
Mechanical-Hands,https://www.youtube.com/@Mechanical-Hands,1,1,16.59,16.59
ForestHobby_,https://www.youtube.com/@ForestHobby_,1,1,13.4,13.4
rosagold,https://www.youtube.com/@rosagold,1,1,12.06,12.06
DIY_OTAKU_take,https://www.youtube.com/@DIY_OTAKU_take,1,1,12.0,12.0
TriệuThịDuyên-b8b,https://www.youtube.com/@TriệuThịDuyên-b8b,1,1,11.6,11.6
radicalgastronomy,https://www.youtube.com/@radicalgastronomy,1,1,11.43,11.43
VermijlCarDetail,https://www.youtube.com/@VermijlCarDetail,1,1,11.4,11.4
annieandthevicarage,https://www.youtube.com/@annieandthevicarage,1,1,10.95,10.95
Flame-Frame-VN,https://www.youtube.com/@Flame-Frame-VN,1,1,10.88,10.88
DomashMaster,https://www.youtube.com/@DomashMaster,1,1,10.43,10.43
Urchfab,https://www.youtube.com/@Urchfab,1,1,9.78,9.78
ChâteauduVot,https://www.youtube.com/@ChâteauduVot,1,1,9.76,9.76
Martijn,https://www.youtube.com/@Martijn,1,1,9.6,9.6
Lesnoy_Duyen,https://www.youtube.com/@Lesnoy_Duyen,1,2,5.5,8.91
zelworks,https://www.youtube.com/@zelworks,1,1,8.7,8.7
BuildStudioHQ,https://www.youtube.com/@BuildStudioHQ,1,1,8.37,8.37
LandtoHouse,https://www.youtube.com/@LandtoHouse,1,1,7.92,7.92
garage9845,https://www.youtube.com/@garage9845,1,1,7.77,7.77
SurvivalBuilder,https://www.youtube.com/@SurvivalBuilder,1,3,1.0,7.34
emmanuel_sepulchre,https://www.youtube.com/@emmanuel_sepulchre,1,1,7.2,7.2
TheDetailGeek,https://www.youtube.com/@TheDetailGeek,1,1,6.65,6.65
TieuLieu-17yearold,https://www.youtube.com/@TieuLieu-17yearold,1,1,5.74,5.74
AdventuresHappen,https://www.youtube.com/@AdventuresHappen,1,1,5.72,5.72
Trieuthiduong,https://www.youtube.com/@Trieuthiduong,1,2,4.5,5.68
DrewBuildsStuff,https://www.youtube.com/@DrewBuildsStuff,1,1,5.67,5.67
TheDIYCabinGuy,https://www.youtube.com/@TheDIYCabinGuy,1,1,5.65,5.65
Life_in_Vietnam,https://www.youtube.com/@Life_in_Vietnam,1,1,5.5,5.5
lamaisondagonay4820,https://www.youtube.com/@lamaisondagonay4820,1,1,5.28,5.28
Mustaqim,https://www.youtube.com/@Mustaqim,1,1,4.83,4.83
OurRestorationNation,https://www.youtube.com/@OurRestorationNation,1,1,4.49,4.49
TractorsandCream,https://www.youtube.com/@TractorsandCream,1,1,4.39,4.39
nialldivers,https://www.youtube.com/@nialldivers,1,1,4.35,4.35
Kings_Wharf_Restoration,https://www.youtube.com/@Kings_Wharf_Restoration,1,1,4.27,4.27
andriibushcraft34,https://www.youtube.com/@andriibushcraft34,1,1,4.19,4.19
Christine,https://www.youtube.com/@Christine,1,1,4.1,4.1
MartijnDoolaard,https://www.youtube.com/@MartijnDoolaard,1,2,4.08,4.08
chateaudepurnon,https://www.youtube.com/@chateaudepurnon,1,2,3.86,3.86
SashaJuliardD,https://www.youtube.com/@SashaJuliardD,1,1,3.77,3.77
AlmightyGod2512,https://www.youtube.com/@AlmightyGod2512,1,1,3.73,3.73
MrHewes,https://www.youtube.com/@MrHewes,1,1,3.69,3.69
SimonFordman,https://www.youtube.com/@SimonFordman,1,1,3.6,3.6
Restoratorman,https://www.youtube.com/@Restoratorman,1,2,3.53,3.53
THENORTHCABIN,https://www.youtube.com/@THENORTHCABIN,1,1,3.45,3.45
WildRoot.Bushcraftz,https://www.youtube.com/@WildRoot.Bushcraftz,1,1,3.43,3.43
nhettvchannel,https://www.youtube.com/@nhettvchannel,1,1,3.42,3.42
MrWildNature,https://www.youtube.com/@MrWildNature,1,2,3.32,3.32
PacificNorthwestHillbilly,https://www.youtube.com/@PacificNorthwestHillbilly,1,1,3.27,3.27
MarkoRoolaid,https://www.youtube.com/@MarkoRoolaid,1,2,3.19,3.19
marusya_outdoors,https://www.youtube.com/@marusya_outdoors,1,1,3.06,3.06
karakum_outdoors,https://www.youtube.com/@karakum_outdoors,1,1,3.05,3.05
Benjamin-roct,https://www.youtube.com/@Benjamin-roct,1,2,3.03,3.03
SBRRCTRUCK,https://www.youtube.com/@SBRRCTRUCK,1,1,3.02,3.02
AndrewCamarata,https://www.youtube.com/@AndrewCamarata,1,4,1.83,2.87
AustinCoulson,https://www.youtube.com/@AustinCoulson,1,1,2.75,2.75
buildingskill9353,https://www.youtube.com/@buildingskill9353,1,1,2.72,2.72
DailyBergstrom,https://www.youtube.com/@DailyBergstrom,1,1,2.71,2.71
ChayDenne,https://www.youtube.com/@ChayDenne,1,1,2.64,2.64
NHẾT,https://www.youtube.com/@NHẾT,1,1,2.56,2.56
restorationstools6447,https://www.youtube.com/@restorationstools6447,1,1,2.55,2.55
kandowild,https://www.youtube.com/@kandowild,1,1,2.46,2.46
phungthienthanh8868,https://www.youtube.com/@phungthienthanh8868,1,1,2.42,2.42
European,https://www.youtube.com/@European,1,1,2.4,2.4
bywoodman,https://www.youtube.com/@bywoodman,1,1,2.4,2.4
syromyatnikov,https://www.youtube.com/@syromyatnikov,1,2,2.33,2.33
AlexanderBushcraft776,https://www.youtube.com/@AlexanderBushcraft776,1,1,2.33,2.33
Perfectgroup2013,https://www.youtube.com/@Perfectgroup2013,1,2,2.17,2.32
CleanupMowing,https://www.youtube.com/@CleanupMowing,1,1,2.28,2.28
Bushcraft.en.Solitario,https://www.youtube.com/@Bushcraft.en.Solitario,1,1,2.27,2.27
Borsch_TV,https://www.youtube.com/@Borsch_TV,1,1,2.26,2.26
WildlifeHomesteadCabin,https://www.youtube.com/@WildlifeHomesteadCabin,1,1,2.22,2.22
ShredPile,https://www.youtube.com/@ShredPile,1,1,2.14,2.14
BudgiCamper,https://www.youtube.com/@BudgiCamper,1,1,2.11,2.11
SurvivalBuild,https://www.youtube.com/@SurvivalBuild,1,1,2.11,2.11
WildSoloSurvival,https://www.youtube.com/@WildSoloSurvival,1,1,2.06,2.06
paktech9707,https://www.youtube.com/@paktech9707,1,1,2.04,2.04
secondgrowthhomes,https://www.youtube.com/@secondgrowthhomes,1,1,2.03,2.03
restorediy,https://www.youtube.com/@restorediy,1,1,2.0,2.0
Bushgard-x,https://www.youtube.com/@Bushgard-x,1,1,1.99,1.99
JamesBiggar,https://www.youtube.com/@JamesBiggar,1,1,1.96,1.96
PhươngOutdoor,https://www.youtube.com/@PhươngOutdoor,1,1,1.95,1.95
tatsujinstyle,https://www.youtube.com/@tatsujinstyle,1,1,1.88,1.88
TAOutdoors,https://www.youtube.com/@TAOutdoors,1,1,1.83,1.83
SmoothGefixt,https://www.youtube.com/@SmoothGefixt,1,1,1.8,1.8
ARKSurvivaleveloved-cc2tw,https://www.youtube.com/@ARKSurvivaleveloved-cc2tw,1,1,1.77,1.77
TheLastSurvivor-7,https://www.youtube.com/@TheLastSurvivor-7,1,1,1.75,1.75
RAWConstructionASMR,https://www.youtube.com/@RAWConstructionASMR,1,1,1.73,1.73
woodwood1,https://www.youtube.com/@woodwood1,1,1,1.72,1.72
Hoa-Mechanical,https://www.youtube.com/@Hoa-Mechanical,1,1,1.71,1.71
yangsurvival,https://www.youtube.com/@yangsurvival,1,1,1.67,1.67
AmbitionStrikes1.On.T.elegram,https://www.youtube.com/@AmbitionStrikes1.On.T.elegram,1,1,1.67,1.67
HOMEMADE,https://www.youtube.com/@HOMEMADE,1,1,1.63,1.63
wetscapes,https://www.youtube.com/@wetscapes,1,1,1.62,1.62
thompsonscabin,https://www.youtube.com/@thompsonscabin,1,2,1.6,1.6
bkscreative,https://www.youtube.com/@bkscreative,1,1,1.56,1.56
realmikethakur,https://www.youtube.com/@realmikethakur,1,1,1.54,1.54
Lesnon,https://www.youtube.com/@Lesnon,1,1,1.53,1.53
WargehBushcraft,https://www.youtube.com/@WargehBushcraft,1,1,1.53,1.53
Xiaoqianfeng,https://www.youtube.com/@Xiaoqianfeng,1,1,1.51,1.51
GordeevaHike,https://www.youtube.com/@GordeevaHike,1,1,1.5,1.5
MichaelRestoration,https://www.youtube.com/@MichaelRestoration,1,1,1.5,1.5
SmartEasyDIYer,https://www.youtube.com/@SmartEasyDIYer,1,1,1.5,1.5
PerkinsBuilderBrothers,https://www.youtube.com/@PerkinsBuilderBrothers,1,1,1.44,1.44
SalvagetoScenic,https://www.youtube.com/@SalvagetoScenic,1,1,1.41,1.41
pakistanitruck,https://www.youtube.com/@pakistanitruck,1,2,1.39,1.39
hennybutabi,https://www.youtube.com/@hennybutabi,1,1,1.39,1.39
rlcmaker,https://www.youtube.com/@rlcmaker,1,1,1.39,1.39
MichaelValentino,https://www.youtube.com/@MichaelValentino,1,2,1.38,1.38
alaskacabinadventures,https://www.youtube.com/@alaskacabinadventures,1,1,1.33,1.33
ThanhBoat,https://www.youtube.com/@ThanhBoat,1,2,1.02,1.31
life.uncontained,https://www.youtube.com/@life.uncontained,1,1,1.28,1.28
CarRestorations-USA,https://www.youtube.com/@CarRestorations-USA,1,1,1.24,1.24
CHUANQIENGINE,https://www.youtube.com/@CHUANQIENGINE,1,1,1.24,1.24
trwilderness-bahadirkilic,https://www.youtube.com/@trwilderness-bahadirkilic,1,1,1.23,1.23
TheCrockers,https://www.youtube.com/@TheCrockers,1,1,1.22,1.22
Bourbonmoth,https://www.youtube.com/@Bourbonmoth,1,2,1.21,1.21
WildNovels,https://www.youtube.com/@WildNovels,1,1,1.19,1.19
bonbonscalemodel,https://www.youtube.com/@bonbonscalemodel,1,1,1.17,1.17
JoelTremblayCA,https://www.youtube.com/@JoelTremblayCA,1,1,1.17,1.17
JapaneseGardenTV,https://www.youtube.com/@JapaneseGardenTV,1,1,1.15,1.15
YachtCityLife,https://www.youtube.com/@YachtCityLife,1,1,1.15,1.15
sethcraftshop,https://www.youtube.com/@sethcraftshop,1,1,1.15,1.15
muhammadali77,https://www.youtube.com/@muhammadali77,1,1,1.15,1.15
tieulinhrepair,https://www.youtube.com/@tieulinhrepair,1,1,1.15,1.15
ARIA,https://www.youtube.com/@ARIA,1,1,1.14,1.14
ChadsCustomCreations,https://www.youtube.com/@ChadsCustomCreations,1,1,1.11,1.11
OficinadoParma,https://www.youtube.com/@OficinadoParma,1,1,1.11,1.11
theturkishviking-bushcraft,https://www.youtube.com/@theturkishviking-bushcraft,1,1,1.1,1.1
Tran-Chien,https://www.youtube.com/@Tran-Chien,1,1,1.06,1.06
theminiarchitect,https://www.youtube.com/@theminiarchitect,1,1,1.06,1.06
mmbridgeco.ltd.3002,https://www.youtube.com/@mmbridgeco.ltd.3002,1,1,1.06,1.06
AlexBushcraftmyWorld,https://www.youtube.com/@AlexBushcraftmyWorld,1,1,1.05,1.05
hoangthichien1991ideahouse,https://www.youtube.com/@hoangthichien1991ideahouse,1,1,1.05,1.05
Renovacile,https://www.youtube.com/@Renovacile,1,2,1.04,1.04
AlekseyKarpushkin,https://www.youtube.com/@AlekseyKarpushkin,1,1,1.03,1.03
WoodworkingInspiration4196,https://www.youtube.com/@WoodworkingInspiration4196,1,1,1.0,1.0
Çelik_Ev_İskender_Usta,https://www.youtube.com/@Çelik_Ev_İskender_Usta,1,1,1.0,1.0
LRN2DIY,https://www.youtube.com/@LRN2DIY,1,1,1.0,1.0
Bendheim,https://www.youtube.com/@Bendheim,1,1,1.0,1.0
OMGscaleworks,https://www.youtube.com/@OMGscaleworks,1,1,1.0,1.0
amazingthingtechnology1595,https://www.youtube.com/@amazingthingtechnology1595,1,1,1.0,1.0
AwesomeWoodcraft,https://www.youtube.com/@AwesomeWoodcraft,1,1,1.0,1.0
Le_Dan,https://www.youtube.com/@Le_Dan,1,1,1.0,1.0
alexbushcraftmy,https://www.youtube.com/@alexbushcraftmy,1,1,1.0,1.0
BradenBuildz,https://www.youtube.com/@BradenBuildz,1,1,1.0,1.0
NLOG_Leather,https://www.youtube.com/@NLOG_Leather,1,1,1.0,1.0
jmuller86,https://www.youtube.com/@jmuller86,1,1,1.0,1.0
Life-in-Wild1,https://www.youtube.com/@Life-in-Wild1,1,1,1.0,1.0
Ferincishin,https://www.youtube.com/@Ferincishin,1,1,1.0,1.0
AsbjornOlsenBerg,https://www.youtube.com/@AsbjornOlsenBerg,1,1,1.0,1.0
PetaVillage,https://www.youtube.com/@PetaVillage,1,1,1.0,1.0
apaodailylife,https://www.youtube.com/@apaodailylife,1,1,1.0,1.0
ConstructiiInDetaliu,https://www.youtube.com/@ConstructiiInDetaliu,1,1,1.0,1.0
TanSoLoSurvival,https://www.youtube.com/@TanSoLoSurvival,1,1,1.0,1.0
AYACAMPING,https://www.youtube.com/@AYACAMPING,1,1,1.0,1.0
WildBeauty-OffGrid,https://www.youtube.com/@WildBeauty-OffGrid,1,1,1.0,1.0
OffgridwithJayandJen,https://www.youtube.com/@OffgridwithJayandJen,1,2,0.99,0.99
MoonCamping2005,https://www.youtube.com/@MoonCamping2005,1,1,0.96,0.96
DeRusterGarage,https://www.youtube.com/@DeRusterGarage,1,1,0.95,0.95
nnkhmisc,https://www.youtube.com/@nnkhmisc,1,1,0.95,0.95
Rusty,https://www.youtube.com/@Rusty,1,1,0.92,0.92
YASUHIROTV,https://www.youtube.com/@YASUHIROTV,1,1,0.91,0.91
QuantamTech,https://www.youtube.com/@QuantamTech,1,3,0.78,0.89
gesithasgewissa,https://www.youtube.com/@gesithasgewissa,1,1,0.88,0.88
Girl,https://www.youtube.com/@Girl,1,1,0.87,0.87
PLAHOUSE-CONTAINER,https://www.youtube.com/@PLAHOUSE-CONTAINER,1,2,0.86,0.86
landonsees7739,https://www.youtube.com/@landonsees7739,1,1,0.86,0.86
Tinspaces,https://www.youtube.com/@Tinspaces,1,1,0.85,0.85
ArtSport,https://www.youtube.com/@ArtSport,1,1,0.85,0.85
RedRustRestoration,https://www.youtube.com/@RedRustRestoration,1,1,0.83,0.83
annasgmlindgren,https://www.youtube.com/@annasgmlindgren,1,2,0.82,0.82
MrZhangsDetailing,https://www.youtube.com/@MrZhangsDetailing,1,1,0.82,0.82
CantContainUs,https://www.youtube.com/@CantContainUs,1,1,0.81,0.81
AutoFinesseDetailing,https://www.youtube.com/@AutoFinesseDetailing,1,1,0.8,0.8
restorationUphone,https://www.youtube.com/@restorationUphone,1,1,0.8,0.8
TieuVyBuilding,https://www.youtube.com/@TieuVyBuilding,1,1,0.79,0.79
Mechanicalskils,https://www.youtube.com/@Mechanicalskils,1,1,0.78,0.78
emilyaisling,https://www.youtube.com/@emilyaisling,1,1,0.78,0.78
FarisandLisa,https://www.youtube.com/@FarisandLisa,1,1,0.78,0.78
Gabe_Octane,https://www.youtube.com/@Gabe_Octane,1,2,0.77,0.77
wtcreative,https://www.youtube.com/@wtcreative,1,1,0.77,0.77
osbushcraft,https://www.youtube.com/@osbushcraft,1,1,0.77,0.77
LýPhúcNhi,https://www.youtube.com/@LýPhúcNhi,1,1,0.76,0.76
KrisHarbour,https://www.youtube.com/@KrisHarbour,1,2,0.74,0.74
amazingskillas,https://www.youtube.com/@amazingskillas,1,1,0.74,0.74
Grovehide_Builds,https://www.youtube.com/@Grovehide_Builds,1,1,0.74,0.74
HKoutdoors76,https://www.youtube.com/@HKoutdoors76,1,1,0.73,0.73
riverrockcabin5941,https://www.youtube.com/@riverrockcabin5941,1,2,0.72,0.72
Fitiman,https://www.youtube.com/@Fitiman,1,1,0.72,0.72
SavingSweetWilliam,https://www.youtube.com/@SavingSweetWilliam,1,1,0.72,0.72
ShopNation,https://www.youtube.com/@ShopNation,1,1,0.71,0.71
AxesGarage,https://www.youtube.com/@AxesGarage,1,1,0.7,0.7
kbmorozov,https://www.youtube.com/@kbmorozov,1,2,0.51,0.69
Lautodidacte2.0,https://www.youtube.com/@Lautodidacte2.0,1,2,0.68,0.68
Ruslan,https://www.youtube.com/@Ruslan,1,1,0.67,0.67
MADDETAILING,https://www.youtube.com/@MADDETAILING,1,1,0.67,0.67
TheMaineWoods,https://www.youtube.com/@TheMaineWoods,1,1,0.67,0.67
Ishkinin_Outdoors,https://www.youtube.com/@Ishkinin_Outdoors,1,1,0.65,0.65
ATHOSOutdoorProspector,https://www.youtube.com/@ATHOSOutdoorProspector,1,1,0.65,0.65
TraplinesandInlines,https://www.youtube.com/@TraplinesandInlines,1,1,0.64,0.64
my-good-friends,https://www.youtube.com/@my-good-friends,1,1,0.63,0.63
BUSHCRAFT72H,https://www.youtube.com/@BUSHCRAFT72H,1,1,0.62,0.62
TheRestorer,https://www.youtube.com/@TheRestorer,1,1,0.62,0.62
WorkshopFromScratch,https://www.youtube.com/@WorkshopFromScratch,1,2,0.32,0.62
Bushradical,https://www.youtube.com/@Bushradical,1,1,0.62,0.62
volodhendrix,https://www.youtube.com/@volodhendrix,1,1,0.61,0.61
MakeitExtreme,https://www.youtube.com/@MakeitExtreme,1,1,0.6,0.6
modustrial,https://www.youtube.com/@modustrial,1,1,0.58,0.58
WildGnomosTV,https://www.youtube.com/@WildGnomosTV,1,1,0.57,0.57
Nasatchanne,https://www.youtube.com/@Nasatchanne,1,1,0.57,0.57
WildxJournal,https://www.youtube.com/@WildxJournal,1,1,0.57,0.57
WildAngelBushcraft,https://www.youtube.com/@WildAngelBushcraft,1,1,0.56,0.56
WisdomPreserved,https://www.youtube.com/@WisdomPreserved,1,1,0.56,0.56
lifeinruralthailand,https://www.youtube.com/@lifeinruralthailand,1,1,0.55,0.55
AmbitionStrikes,https://www.youtube.com/@AmbitionStrikes,1,1,0.55,0.55
CraftCreative-444,https://www.youtube.com/@CraftCreative-444,1,1,0.54,0.54
DiscoverManufacturing,https://www.youtube.com/@DiscoverManufacturing,1,2,0.53,0.53
Clean,https://www.youtube.com/@Clean,1,1,0.53,0.53
IslamShirinov-fh9eh,https://www.youtube.com/@IslamShirinov-fh9eh,1,1,0.53,0.53
woodysbarndominium,https://www.youtube.com/@woodysbarndominium,1,2,0.51,0.51
AntonioOff-Grid,https://www.youtube.com/@AntonioOff-Grid,1,1,0.5,0.5
LyTieuToan,https://www.youtube.com/@LyTieuToan,1,1,0.5,0.5
FarmGirlDaily,https://www.youtube.com/@FarmGirlDaily,1,1,0.5,0.5
2apples,https://www.youtube.com/@2apples,1,1,0.49,0.49
TheEnesYilmazerPodcast,https://www.youtube.com/@TheEnesYilmazerPodcast,1,1,0.48,0.48
ben-kilner,https://www.youtube.com/@ben-kilner,1,1,0.48,0.48
boxworks1001,https://www.youtube.com/@boxworks1001,1,1,0.47,0.47
BuiltintheUSA,https://www.youtube.com/@BuiltintheUSA,1,1,0.47,0.47
WOODRESINStudio1,https://www.youtube.com/@WOODRESINStudio1,1,1,0.47,0.47
AleksandrKvasha,https://www.youtube.com/@AleksandrKvasha,1,1,0.46,0.46
cabininthenorth,https://www.youtube.com/@cabininthenorth,1,1,0.45,0.45
CleanUpFreeTeam,https://www.youtube.com/@CleanUpFreeTeam,1,1,0.44,0.44
tetuchannel,https://www.youtube.com/@tetuchannel,1,1,0.43,0.43
Diego_Leon,https://www.youtube.com/@Diego_Leon,1,2,0.42,0.42
odo_diy,https://www.youtube.com/@odo_diy,1,1,0.41,0.41
electricsupercar,https://www.youtube.com/@electricsupercar,1,2,0.4,0.4
Polissya,https://www.youtube.com/@Polissya,1,1,0.4,0.4
Triệu_Phong_tv,https://www.youtube.com/@Triệu_Phong_tv,1,1,0.4,0.4
BMSculptures,https://www.youtube.com/@BMSculptures,1,1,0.39,0.39
UnderwoodHomes,https://www.youtube.com/@UnderwoodHomes,1,1,0.38,0.38
randomskills5773,https://www.youtube.com/@randomskills5773,1,1,0.37,0.37
NATRA2021,https://www.youtube.com/@NATRA2021,1,1,0.37,0.37
GrumpyToadCreation,https://www.youtube.com/@GrumpyToadCreation,1,1,0.36,0.36
tyap-lyap,https://www.youtube.com/@tyap-lyap,1,2,0.35,0.35
ourtraveljournalnl,https://www.youtube.com/@ourtraveljournalnl,1,1,0.35,0.35
BordeauxLife,https://www.youtube.com/@BordeauxLife,1,1,0.35,0.35
sharingsurvival,https://www.youtube.com/@sharingsurvival,1,2,0.34,0.34
DağKöyündeHayat,https://www.youtube.com/@DağKöyündeHayat,1,2,0.34,0.34
TravelingbyTacoma,https://www.youtube.com/@TravelingbyTacoma,1,1,0.34,0.34
LizziCamp97,https://www.youtube.com/@LizziCamp97,1,1,0.34,0.34
mr.deswal6903,https://www.youtube.com/@mr.deswal6903,1,2,0.33,0.33
buildingroots5873,https://www.youtube.com/@buildingroots5873,1,2,0.33,0.33
MattJordanWoodturning,https://www.youtube.com/@MattJordanWoodturning,1,1,0.33,0.33
TimKatie,https://www.youtube.com/@TimKatie,1,1,0.33,0.33
Ytcrop,https://www.youtube.com/@Ytcrop,1,1,0.33,0.33
MRWoodworking68,https://www.youtube.com/@MRWoodworking68,1,1,0.33,0.33
Worksandmechanic,https://www.youtube.com/@Worksandmechanic,1,1,0.33,0.33
woody_allan,https://www.youtube.com/@woody_allan,1,1,0.32,0.32
homemadecreativee,https://www.youtube.com/@homemadecreativee,1,2,0.31,0.31
KeeflaDiy,https://www.youtube.com/@KeeflaDiy,1,2,0.27,0.27
lambinhTuoitre,https://www.youtube.com/@lambinhTuoitre,1,1,0.27,0.27
marcetsandy,https://www.youtube.com/@marcetsandy,1,1,0.27,0.27
LakeLotBuild,https://www.youtube.com/@LakeLotBuild,1,2,0.26,0.26
BushcraftAdventure,https://www.youtube.com/@BushcraftAdventure,1,2,0.26,0.26
OkahachiRenovation,https://www.youtube.com/@OkahachiRenovation,1,1,0.25,0.25
HomesteadingUncontained,https://www.youtube.com/@HomesteadingUncontained,1,1,0.25,0.25
ZoomInProcess,https://www.youtube.com/@ZoomInProcess,1,1,0.24,0.24
MARCANDSANDY,https://www.youtube.com/@MARCANDSANDY,1,1,0.24,0.24
mayilaicreatives,https://www.youtube.com/@mayilaicreatives,1,1,0.24,0.24
GreasyFingers,https://www.youtube.com/@GreasyFingers,1,1,0.23,0.23
Hadioutdooradventures,https://www.youtube.com/@Hadioutdooradventures,1,1,0.23,0.23
CampfireStories-d3t,https://www.youtube.com/@CampfireStories-d3t,1,1,0.23,0.23
Bochi,https://www.youtube.com/@Bochi,1,2,0.21,0.21
ibuilding7,https://www.youtube.com/@ibuilding7,1,1,0.2,0.2
wheelxlab,https://www.youtube.com/@wheelxlab,1,2,0.19,0.19
FreeRoamFitouts,https://www.youtube.com/@FreeRoamFitouts,1,1,0.18,0.18
Camtrairuwnggia,https://www.youtube.com/@Camtrairuwnggia,1,1,0.18,0.18
MadeinPolandChannel,https://www.youtube.com/@MadeinPolandChannel,1,1,0.18,0.18
kryptojdm,https://www.youtube.com/@kryptojdm,1,1,0.17,0.17
ForestHermit,https://www.youtube.com/@ForestHermit,1,1,0.17,0.17
sawyerslawncareservice,https://www.youtube.com/@sawyerslawncareservice,1,1,0.16,0.16
JPMansionTours,https://www.youtube.com/@JPMansionTours,1,1,0.16,0.16
QTechGlobal,https://www.youtube.com/@QTechGlobal,1,1,0.16,0.16
Gablok-maison-kit,https://www.youtube.com/@Gablok-maison-kit,1,1,0.16,0.16
skbushcraft,https://www.youtube.com/@skbushcraft,1,1,0.16,0.16
PacificPinesRanch,https://www.youtube.com/@PacificPinesRanch,1,1,0.16,0.16
One.woman.wilderness,https://www.youtube.com/@One.woman.wilderness,1,1,0.15,0.15
adventuresakahayang,https://www.youtube.com/@adventuresakahayang,1,1,0.15,0.15
KENAN,https://www.youtube.com/@KENAN,1,1,0.15,0.15
HomeSweetHomeAlaska,https://www.youtube.com/@HomeSweetHomeAlaska,1,2,0.14,0.14
BreakFreeHomestead,https://www.youtube.com/@BreakFreeHomestead,1,1,0.14,0.14
UltimateTechHub,https://www.youtube.com/@UltimateTechHub,1,1,0.14,0.14
mycustomgokart,https://www.youtube.com/@mycustomgokart,1,2,0.13,0.13
outdoorboy0,https://www.youtube.com/@outdoorboy0,1,1,0.13,0.13
ThePasturedHomestead,https://www.youtube.com/@ThePasturedHomestead,1,1,0.13,0.13
whyknotbuildit,https://www.youtube.com/@whyknotbuildit,1,1,0.12,0.12
TheLodgeGuys,https://www.youtube.com/@TheLodgeGuys,1,2,0.11,0.11
koscheyproject,https://www.youtube.com/@koscheyproject,1,1,0.11,0.11
monobatiz,https://www.youtube.com/@monobatiz,1,1,0.11,0.11
SurvivingAlone-i2j,https://www.youtube.com/@SurvivingAlone-i2j,1,1,0.11,0.11
CraigNakamotoConstruction,https://www.youtube.com/@CraigNakamotoConstruction,1,1,0.11,0.11
Lakimhue998,https://www.youtube.com/@Lakimhue998,1,2,0.1,0.1
lathimui,https://www.youtube.com/@lathimui,1,1,0.1,0.1
HansChan26,https://www.youtube.com/@HansChan26,1,1,0.09,0.09
thecoyotelab,https://www.youtube.com/@thecoyotelab,1,1,0.07,0.07
MrHoaBushcraft,https://www.youtube.com/@MrHoaBushcraft,1,2,0.06,0.06
DağKöyü,https://www.youtube.com/@DağKöyü,1,1,0.06,0.06
JanCampLife,https://www.youtube.com/@JanCampLife,1,1,0.06,0.06
FLManGarage,https://www.youtube.com/@FLManGarage,1,1,0.05,0.05
CyprienAdventures,https://www.youtube.com/@CyprienAdventures,1,1,0.05,0.05
InfinityGarage-ig8py,https://www.youtube.com/@InfinityGarage-ig8py,1,1,0.05,0.05
bushcraftandnature,https://www.youtube.com/@bushcraftandnature,1,1,0.05,0.05
TravelersTale,https://www.youtube.com/@TravelersTale,1,1,0.05,0.05
BudaBushcraft,https://www.youtube.com/@BudaBushcraft,1,1,0.05,0.05
European_hometeading,https://www.youtube.com/@European_hometeading,1,1,0.03,0.03
patricktlee,https://www.youtube.com/@patricktlee,1,1,0.03,0.03
DennisKoburge,https://www.youtube.com/@DennisKoburge,1,1,0.03,0.03
RJLgardens,https://www.youtube.com/@RJLgardens,1,1,0.03,0.03
bodhibus,https://www.youtube.com/@bodhibus,1,2,0.02,0.02
MiniHouseDIY,https://www.youtube.com/@MiniHouseDIY,1,2,0.02,0.02
seyyarhane,https://www.youtube.com/@seyyarhane,1,2,0.01,0.01
jeffreywaldman,https://www.youtube.com/@jeffreywaldman,1,2,0.01,0.01
diekleinewerkstatt727,https://www.youtube.com/@diekleinewerkstatt727,1,2,0.01,0.01
ytmmytmm,https://www.youtube.com/@ytmmytmm,1,2,0.01,0.01
ThisOldJalopy,https://www.youtube.com/@ThisOldJalopy,1,1,0.01,0.01
StudPack,https://www.youtube.com/@StudPack,1,1,0,0
Primitivesurvivalcraft,https://www.youtube.com/@Primitivesurvivalcraft,1,1,0,0
MOUNTAINLIFESTYLE,https://www.youtube.com/@MOUNTAINLIFESTYLE,1,1,0,0
AHeartLikeDavids,https://www.youtube.com/@AHeartLikeDavids,1,1,0,0
thanhtrieutv6231,https://www.youtube.com/@thanhtrieutv6231,1,1,0,0
